品牌,4S店数,车型,报价(单位：万)
奥迪,607,奥迪A4L,30.58-39.68
奥迪,607,奥迪A6L,41.98-65.38
奥迪,607,奥迪Q5L,38.78-49.80
奥迪,607,奥迪Q3,27.18-36.18
奥迪,607,奥迪A3,19.32-26.85
奥迪,607,奥迪Q7,68.88-86.68
奥迪,607,奥迪Q2L,21.88-26.85
奥迪,607,奥迪A8,84.28-194.28
奥迪,607,奥迪A5,37.18-56.38
奥迪,607,奥迪Q8,76.88-104.88
奥迪,607,奥迪A7,57.38-70.48
奥迪,607,奥迪A6(进口),44.98-56.98
奥迪,607,奥迪S4,45.98-46.88
奥迪,607,奥迪A4(进口),34.18-42.78
奥迪,607,奥迪TT,45.38-53.28
奥迪,607,奥迪R8,195.28-275.34
奥迪,607,奥迪S5,61.98-70.88
奥迪,607,奥迪RS 7,144.88-172.23
奥迪,607,奥迪S3,36.38-36.38
奥迪,607,奥迪Q2L e-tron,22.68-23.73
奥迪,607,奥迪RS 5,83.68-86.98
奥迪,607,奥迪RS 4,81.28-82.28
奥迪,607,奥迪A1,18.98-21.85
奥迪,607,奥迪S7,100.98-100.98
奥迪,607,奥迪S6,92.98-92.98
奥迪,607,奥迪e-tron(进口),69.28-82.86
奥迪,607,奥迪A6L新能源,50.80-50.80
奥迪,607,奥迪RS 6,135.78-177.39
奥迪,607,奥迪Q5(进口),58.80-61.80
奥迪,607,奥迪Q7加版,69.00-83.50
奥迪,607,奥迪Q7欧版,56.80-75.00
奥迪,607,奥迪TT RS,76.98-76.98
奥迪,607,奥迪RS 3,51.38-51.38
奥迪,607,奥迪Q8加版,75.00-79.00
奥迪,607,奥迪A3(进口),33.58-33.58
奥迪,607,奥迪TTS,59.78-63.48
奥迪,607,奥迪Q5墨版,53.00-62.00
奥迪,607,奥迪Q7新能源,79.08-79.08
奥迪,607,奥迪Q8欧版,100.00-150.00
奥迪,607,奥迪Q5欧版,42.80-42.80
奥迪,607,奥迪Q8美版,100.00-110.00
奥迪,607,奥迪A3新能源(进口),39.98-39.98
奥迪,607,奥迪RS Q8,暂无报价
奥迪,607,奥迪SQ8,暂无报价
奥迪,607,奥迪A4,暂无报价
奥迪,607,奥迪A6新能源(进口),暂无报价
奥迪,607,奥迪Q3(进口),暂无报价
奥迪,607,奥迪e-tron,暂无报价
奥迪,607,奥迪A7L,暂无报价
奥迪,607,奥迪S8,暂无报价
奥迪,607,奥迪Q4新能源(进口),暂无报价
奥迪,607,奥迪RS Q3,暂无报价
奥迪,607,奥迪e-tron GT,暂无报价
奥迪,607,奥迪Q5L Sportback,暂无报价
奥迪,607,奥迪SQ5,暂无报价
阿斯顿·马丁,49,阿斯顿·马丁DB11,220.80-298.80
阿斯顿·马丁,49,阿斯顿·马丁DBX,212.80-319.80
阿斯顿·马丁,49,V8 Vantage,181.80-259.80
阿斯顿·马丁,49,阿斯顿·马丁DBS,366.80-500.70
阿斯顿·马丁,49,V12 Vantage,289.80-309.80
阿斯顿·马丁,49,阿斯顿·马丁DB9,341.80-373.80
阿斯顿·马丁,49,Rapide,279.80-286.80
阿斯顿·马丁,49,Vanquish,暂无报价
阿尔法·罗密欧,70,Giulia,37.98-125.98
阿尔法·罗密欧,70,Stelvio,45.68-127.98
阿尔法·罗密欧,70,Tonale,暂无报价
爱驰,2,爱驰U5,16.69-29.21
爱驰,2,爱驰U6 ion,暂无报价
ARCFOX,5,ARCFOX αT,24.19-31.99
ARCFOX,5,ARCFOX ECF Concept,暂无报价
ARCFOX,5,ARCFOX-7,暂无报价
ARCFOX,5,ARCFOX αS,暂无报价
ARCFOX,5,ARCFOX GT,暂无报价
ALPINA,1,ALPINA B4,109.80-109.80
ALPINA,1,ALPINA B3,暂无报价
别克,871,别克GL8,23.29-52.99
别克,871,英朗,11.99-12.59
别克,871,昂科威,18.99-27.99
别克,871,昂科旗,27.99-37.99
别克,871,君威,17.28-25.98
别克,871,君越,21.98-28.98
别克,871,昂科威S,21.99-27.99
别克,871,昂科拉,12.59-15.59
别克,871,别克GL6,13.99-16.99
别克,871,微蓝6,15.98-19.98
别克,871,威朗,15.29-18.29
别克,871,凯越,8.39-9.99
别克,871,昂科拉GX,15.59-18.59
别克,871,阅朗,13.19-14.69
别克,871,微蓝7,17.98-19.98
别克,871,昂科雷,50.90-64.90
别克,871,林荫大道,暂无报价
别克,871,荣御,暂无报价
别克,871,VELITE 5,暂无报价
别克,871, 昂科威(海外),暂无报价
别克,871,Enspire,暂无报价
宝马,650,宝马5系,42.69-54.99
宝马,650,宝马X5,69.99-86.39
宝马,650,宝马3系,29.39-40.99
宝马,650,宝马X3,38.98-47.98
宝马,650,宝马X1,27.88-33.98
宝马,650,宝马7系,82.80-242.80
宝马,650,宝马X7,100.00-178.80
宝马,650,宝马X2,26.68-32.98
宝马,650,宝马1系,19.88-26.38
宝马,650,宝马4系,35.98-61.68
宝马,650,宝马5系(进口),42.39-60.39
宝马,650,宝马X6,76.69-93.69
宝马,650,宝马X4,45.59-58.59
宝马,650,宝马3系GT,35.98-43.98
宝马,650,宝马6系GT,58.39-68.39
宝马,650,宝马M8,196.80-256.80
宝马,650,宝马2系,26.38-33.98
宝马,650,宝马M4,86.99-128.89
宝马,650,宝马8系,96.80-126.80
宝马,650,宝马M5,143.89-146.89
宝马,650,宝马Z4,48.88-63.38
宝马,650,宝马5系新能源,49.99-53.69
宝马,650,宝马M2,63.38-64.38
宝马,650,宝马1系(进口),23.18-42.98
宝马,650,宝马M3,85.89-108.89
宝马,650,宝马X3(进口),42.10-75.00
宝马,650,宝马X5加版,75.00-98.00
宝马,650,宝马X1新能源,39.98-39.98
宝马,650,宝马X5墨版,69.50-82.00
宝马,650,宝马X5中东版,75.00-85.80
宝马,650,宝马2系多功能旅行车,26.38-29.98
宝马,650,宝马X5 M,143.89-143.89
宝马,650,宝马iX3,46.99-50.99
宝马,650,宝马i3,30.58-30.58
宝马,650,宝马M6,179.80-179.80
宝马,650,宝马X2(进口),28.18-36.98
宝马,650,宝马X7加版,105.00-143.00
宝马,650,宝马6系,85.80-171.80
宝马,650,宝马X4 M,86.99-92.99
宝马,650,宝马X5新能源,84.99-85.99
宝马,650,宝马X3 M,83.99-89.99
宝马,650,宝马X6 M,146.89-146.89
宝马,650,宝马X7美版,94.00-175.00
宝马,650,宝马X5美版,81.00-86.00
宝马,650,宝马7系新能源,106.80-115.80
宝马,650,宝马X6中东版,68.50-68.50
宝马,650,宝马X5欧版,62.50-75.50
宝马,650,宝马X1(进口),暂无报价
宝马,650,宝马X6加版,96.80-98.50
宝马,650,宝马X6墨版,86.80-88.00
宝马,650,宝马X4中东版,暂无报价
宝马,650,宝马X3中东版,暂无报价
宝马,650,宝马iX,暂无报价
宝马,650,宝马2系旅行车,暂无报价
宝马,650,宝马X1新能源(进口),暂无报价
宝马,650,宝马i8,暂无报价
宝马,650,宝马740中东版,暂无报价
宝马,650,宝马iX3（进口）,暂无报价
宝马,650,宝马5系欧版,暂无报价
宝马,650,宝马3系(进口),暂无报价
宝马,650,宝马730中东版,暂无报价
宝马,650,宝马5系新能源(进口),暂无报价
宝马,650,宝马i4,暂无报价
宝马,650,宝马i8欧版,暂无报价
奔驰,721,奔驰GLC,39.48-58.78
奔驰,721,奔驰C级,30.78-47.48
奔驰,721,奔驰E级,43.08-64.28
奔驰,721,奔驰GLB,29.28-35.48
奔驰,721,奔驰GLE,69.98-135.38
奔驰,721,奔驰S级,85.28-181.88
奔驰,721,奔驰GLS,102.80-129.90
奔驰,721,奔驰A级,21.18-29.98
奔驰,721,威霆,28.98-34.18
奔驰,721,奔驰E级(进口),42.58-70.78
奔驰,721,奔驰B级,23.98-33.18
奔驰,721,奔驰GLA,27.68-33.28
奔驰,721,奔驰G级,142.98-189.88
奔驰,721,迈巴赫S级,139.88-319.88
奔驰,721,奔驰CLA级,29.98-38.18
奔驰,721,奔驰CLS,57.68-78.98
奔驰,721,奔驰C级(进口),34.68-45.98
奔驰,721,奔驰V级,47.18-65.18
奔驰,721,AMG GT,98.48-229.88
奔驰,721,奔驰A级(进口),23.28-31.28
奔驰,721,奔驰GLC(进口),45.88-59.88
奔驰,721,奔驰C级AMG,59.98-116.08
奔驰,721,奔驰A级AMG(进口),39.98-57.98
奔驰,721,奔驰R级,54.88-72.68
奔驰,721,奔驰S级AMG,227.88-307.88
奔驰,721,奔驰GLC AMG,65.88-128.88
奔驰,721,唯雅诺,暂无报价
奔驰,721,奔驰GLS美版,103.00-124.80
奔驰,721,奔驰EQC,49.98-62.28
奔驰,721,奔驰G级AMG,222.88-245.88
奔驰,721,奔驰A级AMG,39.98-41.98
奔驰,721,奔驰GLE AMG,98.88-102.88
奔驰,721,奔驰SLC级,50.68-62.38
奔驰,721,奔驰GL级,暂无报价
奔驰,721,奔驰E级AMG,89.58-156.08
奔驰,721,奔驰CLA AMG,43.98-59.98
奔驰,721,奔驰G级欧版,148.00-388.00
奔驰,721,奔驰GLS加版,123.80-220.00
奔驰,721,奔驰V级墨版,49.80-79.80
奔驰,721,奔驰GLE美版,68.50-119.80
奔驰,721,奔驰GLC墨版,45.90-56.80
奔驰,721,奔驰GLE加版,72.00-103.00
奔驰,721,奔驰E级新能源,50.98-50.98
奔驰,721,奔驰G级美版,208.00-378.00
奔驰,721,斯宾特美版,86.00-188.00
奔驰,721,凌特,37.60-49.30
奔驰,721,奔驰GLE墨版,69.80-98.80
奔驰,721,奔驰GLS AMG,179.98-179.98
奔驰,721,奔驰S级加版,168.00-278.00
奔驰,721,奔驰S级美版,132.00-199.00
奔驰,721,奔驰V级中东版,58.00-68.00
奔驰,721,迈巴赫S级美版,288.00-400.00
奔驰,721,迈巴赫S级欧版,360.00-1688.00
奔驰,721,迈巴赫G级,暂无报价
奔驰,721,迈巴赫S级墨版,428.00-428.00
奔驰,721,奔驰G级中东版,172.00-345.00
奔驰,721,乌尼莫克,298.00-298.00
奔驰,721,奔驰GLA AMG,52.68-52.68
奔驰,721,威霆中东版,75.00-95.00
奔驰,721,奔驰GLE中东版,82.80-88.00
奔驰,721,奔驰GLS欧版,115.00-115.00
奔驰,721,奔驰G级加版,225.00-268.00
奔驰,721,奔驰CLS级AMG,165.18-173.58
奔驰,721,迈巴赫S级加版,298.00-398.00
奔驰,721,奔驰GL中东版,130.00-190.00
奔驰,721,奔驰Metris加版,48.00-48.00
奔驰,721,奔驰Metris美版,56.00-61.80
奔驰,721,奔驰SL级,暂无报价
奔驰,721,奔驰V级欧版,98.80-138.00
奔驰,721,威霆美版,75.00-75.00
奔驰,721,奔驰GL加版,121.70-159.00
奔驰,721,奔驰S级新能源,175.80-175.80
奔驰,721,奔驰EQV,暂无报价
奔驰,721,奔驰GLB AMG,暂无报价
奔驰,721,奔驰EQE,暂无报价
奔驰,721,奔驰GLE新能源,暂无报价
奔驰,721,乌尼莫克U5000 SUV,暂无报价
奔驰,721,唯雅诺(进口),暂无报价
奔驰,721,奔驰EQB,暂无报价
奔驰,721,Sprinter,暂无报价
奔驰,721,Generation EQ,暂无报价
奔驰,721,奔驰GLK级,暂无报价
奔驰,721,奔驰M级 AMG,暂无报价
奔驰,721,奔驰CLK级,暂无报价
奔驰,721,奔驰GLK级(进口),暂无报价
奔驰,721,奔驰M级,暂无报价
奔驰,721,奔驰SLK级,暂无报价
奔驰,721,奔驰SLR级,暂无报价
奔驰,721,奔驰EQA,暂无报价
奔驰,721,迈巴赫GLS,158.80-368.00
本田,1108,雅阁,17.98-25.98
本田,1108,冠道,22.00-33.28
本田,1108,本田CR-V,16.98-27.68
本田,1108,思域,11.99-16.99
本田,1108,奥德赛,22.98-37.68
本田,1108,皓影,16.98-25.28
本田,1108,本田XR-V,12.79-17.59
本田,1108,缤智,12.78-17.68
本田,1108,飞度,7.38-10.88
本田,1108,艾力绅,24.98-32.88
本田,1108,凌派,9.98-16.98
本田,1108,本田UR-V,24.68-32.98
本田,1108,享域,9.98-16.69
本田,1108,INSPIRE,18.28-24.98
本田,1108,歌诗图,暂无报价
本田,1108,思铂睿,17.99-26.79
本田,1108,锋范经典,暂无报价
本田,1108,LIFE,9.78-11.28
本田,1108,思迪,暂无报价
本田,1108,本田CR-V新能源,27.38-29.98
本田,1108,锋范(海外),暂无报价
本田,1108,竞瑞,暂无报价
本田,1108,奥德赛（海外）,暂无报价
本田,1108,本田e,暂无报价
本田,1108,思域(海外),暂无报价
本田,1108,本田BR-V,暂无报价
本田,1108,哥瑞,暂无报价
本田,1108,杰德,暂无报价
本田,1108,锋范,暂无报价
本田,1108,INSIGHT,暂无报价
比亚迪,599,宋Pro,8.98-12.99
比亚迪,599,宋PLUS,11.58-14.38
比亚迪,599,宋MAX,7.99-12.99
比亚迪,599,比亚迪e2,8.98-14.48
比亚迪,599,唐新能源,19.78-31.48
比亚迪,599,比亚迪F3,4.49-5.08
比亚迪,599,汉,21.98-27.95
比亚迪,599,秦Pro,7.98-11.59
比亚迪,599,唐,12.99-16.99
比亚迪,599,秦Pro新能源,13.69-20.69
比亚迪,599,宋,6.98-9.38
比亚迪,599,宋MAX新能源,14.99-19.98
比亚迪,599,元新能源,8.99-13.99
比亚迪,599,宋Pro新能源,16.98-21.98
比亚迪,599,比亚迪e1,5.99-7.99
比亚迪,599,秦新能源,12.99-20.99
比亚迪,599,比亚迪F0,3.79-4.79
比亚迪,599,速锐,暂无报价
比亚迪,599,比亚迪S7,9.99-13.99
比亚迪,599,秦,6.49-8.19
比亚迪,599,比亚迪e3,10.38-16.48
比亚迪,599,比亚迪e6,暂无报价
比亚迪,599,比亚迪G6,暂无报价
比亚迪,599,比亚迪e5,22.07-23.07
比亚迪,599,比亚迪L3,暂无报价
比亚迪,599,比亚迪S2,8.98-10.98
比亚迪,599,元,暂无报价
比亚迪,599,比亚迪M6,10.39-15.39
比亚迪,599,比亚迪G3,暂无报价
比亚迪,599,比亚迪G5,7.59-10.29
比亚迪,599,思锐,暂无报价
比亚迪,599,福莱尔,暂无报价
比亚迪,599,商,暂无报价
比亚迪,599,秦PLUS,10.58-14.58
比亚迪,599,比亚迪e9,暂无报价
比亚迪,599,比亚迪D1,暂无报价
比亚迪,599,比亚迪G3R,暂无报价
比亚迪,599,宋PLUS新能源,15.38-17.58
比亚迪,599,比亚迪S6,暂无报价
比亚迪,599,宋新能源,暂无报价
比亚迪,599,比亚迪F3R,暂无报价
比亚迪,599,比亚迪F6,暂无报价
比亚迪,599,比亚迪S8,暂无报价
宝骏,520,宝骏530,7.08-11.58
宝骏,520,宝骏510,5.08-8.08
宝骏,520,宝骏730,6.08-10.88
宝骏,520,宝骏360,5.68-8.08
宝骏,520,宝骏310,3.68-6.08
宝骏,520,宝骏310W,4.28-7.28
宝骏,520,宝骏560,6.98-11.78
宝骏,520,宝骏E100,4.98-5.98
宝骏,520,宝骏E200,5.48-6.48
宝骏,520,乐驰,暂无报价
宝骏,520,宝骏610,暂无报价
宝骏,520,宝骏630,暂无报价
保时捷,173,Panamera,97.30-245.80
保时捷,173,保时捷911,126.50-247.30
保时捷,173,Cayenne,91.30-190.80
保时捷,173,保时捷718,54.50-98.60
保时捷,173,Macan,54.50-92.50
保时捷,173,Taycan,88.80-179.80
保时捷,173,Panamera新能源,116.80-248.30
保时捷,173,卡宴美版,90.00-108.00
保时捷,173,卡宴加版,96.80-145.00
保时捷,173,Cayenne新能源,86.80-101.20
保时捷,173,Panamera加版,135.00-175.00
保时捷,173,Boxster,暂无报价
保时捷,173,卡宴墨版,100.00-139.00
保时捷,173,Panamera美版,165.00-188.00
保时捷,173,Cayman,72.70-111.80
保时捷,173,保时捷918欧版,2438.00-2438.00
保时捷,173,保时捷911美版,360.00-460.00
标致,523,标致508,15.97-22.57
标致,523,标致5008,18.77-27.37
标致,523,标致408,11.77-16.97
标致,523,标致4008,16.97-24.37
标致,523,标致308,8.97-13.07
标致,523,标致307,暂无报价
标致,523,标致3008,13.97-14.97
标致,523,标致2008,10.99-14.99
标致,523,标致301,8.47-10.77
标致,523,标致308s,暂无报价
标致,523,标致4008(进口),暂无报价
标致,523,标致4008新能源,24.97-25.97
标致,523,标致207(进口),暂无报价
标致,523,标致307(进口),暂无报价
标致,523,标致e2008,16.60-18.80
标致,523,标致3008(进口),暂无报价
标致,523,标致4007,暂无报价
标致,523,标致407,暂无报价
标致,523,标致5008经典,暂无报价
标致,523,标致607,暂无报价
标致,523,标致206(进口),暂无报价
标致,523,标致308(进口),暂无报价
标致,523,标致2008(进口),暂无报价
标致,523,标致301(海外),暂无报价
标致,523,标致208,暂无报价
标致,523,标致508新能源,暂无报价
标致,523,标致206,暂无报价
标致,523,标致508(进口),暂无报价
标致,523,标致RCZ,暂无报价
标致,523,标致207,暂无报价
标致,523,标致107,暂无报价
奔腾,279,奔腾T77,8.98-13.88
奔腾,279,奔腾T99,14.99-18.99
奔腾,279,奔腾X40,6.68-9.78
奔腾,279,奔腾B50,12.68-15.28
奔腾,279,奔腾T33,6.98-10.59
奔腾,279,奔腾B30,8.68-8.68
奔腾,279,奔腾B90,暂无报价
奔腾,279,奔腾B30EV,18.98-18.98
奔腾,279,奔腾E01,19.68-22.88
奔腾,279,奔腾X40新能源,18.38-19.38
奔腾,279,奔腾T55,暂无报价
奔腾,279,奔腾B70,暂无报价
BEIJING汽车,224,BEIJING-X7,10.49-14.69
BEIJING汽车,224,BEIJING-X3,4.99-9.59
BEIJING汽车,224,BEIJING-U7,8.79-12.29
BEIJING汽车,224,BEIJING-EX3,11.99-16.39
BEIJING汽车,224,BEIJING-EU5,12.99-17.19
BEIJING汽车,224,BEIJING-EX5,16.99-19.99
BEIJING汽车,224,绅宝D50,6.99-9.99
BEIJING汽车,224,BEIJING-EU7,15.99-17.59
BEIJING汽车,224,BEIJING-U5,6.99-9.99
BEIJING汽车,224,智行,暂无报价
BEIJING汽车,224,绅宝X55,7.68-11.98
BEIJING汽车,224,绅宝D20,暂无报价
BEIJING汽车,224,BEIJING-X7新能源,18.49-21.69
BEIJING汽车,224,绅宝CC,暂无报价
BEIJING汽车,224,BEIJING-X5,7.99-11.99
BEIJING汽车,224,绅宝D60,暂无报价
BEIJING汽车,224,绅宝X65,暂无报价
BEIJING汽车,224,耀,暂无报价
BEIJING汽车,224,绅宝X25,暂无报价
BEIJING汽车,224,绅宝D70,暂无报价
北京,243,北京BJ40,15.98-26.99
北京,243,北京BJ80,29.80-39.80
北京,243,北京BJ90,69.80-128.80
北京,243,北京F40,14.98-16.99
北京,243,北京BJ30,10.60-12.60
北京,243,北京BJ20,暂无报价
北京,243,北京汽车E系列,暂无报价
北汽新能源,147,北汽新能源EC,5.58-5.58
北汽新能源,147,北汽新能源EC3,7.38-7.98
北汽新能源,147,北汽新能源EC5,9.99-11.99
北汽新能源,147,北汽新能源EX,8.49-10.39
北汽新能源,147,北汽新能源EU,7.98-7.98
北汽新能源,147,EV系列,15.89-18.99
北汽新能源,147,LITE,11.08-12.68
北汽新能源,147,EH系列,暂无报价
宾利,59,飞驰,251.80-306.60
宾利,59,欧陆,275.10-346.00
宾利,59,添越,246.20-246.20
宾利,59,慕尚,495.00-555.80
宾利,59,欧陆欧版,285.00-530.00
宾利,59,添越PHEV,219.70-238.50
宾利,59,飞驰美版,298.00-298.00
宾利,59,飞驰欧版,278.00-358.00
宾利,59,添越美版,288.00-300.00
宾利,59,添越欧版,278.00-458.00
宾利,59,慕尚美版,暂无报价
宾利,59,慕尚欧版,暂无报价
北汽昌河,455,北汽EC100,4.58-4.98
北汽昌河,455,北汽昌河Q35,6.59-8.99
北汽昌河,455,福瑞达K21,3.74-7.03
北汽昌河,455,北汽EV2,3.70-4.10
北汽昌河,455,福瑞达K22,3.94-7.05
北汽昌河,455,北汽昌河A6,5.98-9.98
北汽昌河,455,昌河北斗星,4.39-4.49
北汽昌河,455,北汽昌河Q25,暂无报价
北汽昌河,455,北汽昌河M70,暂无报价
北汽昌河,455,北汽EV5,10.38-11.38
北汽昌河,455,北汽昌河M50S,4.08-5.38
北汽昌河,455,爱迪尔,暂无报价
北汽昌河,455,福瑞达,暂无报价
北汽昌河,455,北汽昌河Q7,暂无报价
北汽制造,19,BJ 212,7.77-10.48
北汽制造,19,勇士,9.98-16.17
北汽制造,19,战旗,8.06-9.94
北汽制造,19,勇士皮卡,9.01-11.56
北汽制造,19,越铃,5.17-7.58
北汽制造,19,北京BW007,暂无报价
北汽制造,19,陆霸,暂无报价
北汽制造,19,锐铃,7.93-8.08
北汽制造,19,骑士S12,暂无报价
北汽制造,19,北汽小河马,10.78-11.08
宝沃,223,宝沃BX5,12.98-15.58
宝沃,223,宝沃BX7,16.98-30.28
宝沃,223,宝沃BX3,9.68-13.08
宝沃,223,宝沃BXi7,35.88-37.88
宝沃,223,宝沃BX6,暂无报价
北汽幻速,275,北汽幻速S3,5.38-6.98
北汽幻速,275,北汽幻速H2,3.98-6.68
北汽幻速,275,北汽幻速S2,5.18-6.08
北汽幻速,275,北汽幻速H6,5.98-7.53
北汽幻速,275,北汽幻速H3F,暂无报价
北汽幻速,275,北汽幻速H2V,3.58-3.98
北汽幻速,275,北汽幻速H3,暂无报价
北汽幻速,275,北汽幻速S3L,暂无报价
北汽幻速,275,北汽幻速S7,暂无报价
北汽幻速,275,北汽幻速S6,暂无报价
北汽幻速,275,北汽幻速S5,暂无报价
北汽幻速,275,北汽幻速H5,暂无报价
北汽威旺,161,北汽威旺M30,4.48-5.58
北汽威旺,161,北汽威旺M20,3.68-4.18
北汽威旺,161,北汽威旺407EV,10.98-13.40
北汽威旺,161,北汽威旺M50F,暂无报价
北汽威旺,161,北汽威旺306,3.18-4.68
北汽威旺,161,北汽威旺307,4.38-5.18
北汽威旺,161,北汽威旺307EV,5.98-5.98
北汽威旺,161,北汽007,暂无报价
北汽威旺,161,北汽威旺S50,暂无报价
北汽威旺,161,北汽威旺M35,暂无报价
北汽威旺,161,北汽威旺M60,暂无报价
北汽威旺,161,北汽威旺205,暂无报价
比速汽车,68,比速T3,7.49-8.99
比速汽车,68,比速M3,暂无报价
比速汽车,68,比速T5,暂无报价
布加迪,0,Chiron,5788.00-5788.00
布加迪,0,威航,暂无报价
布加迪,0,Divo,暂无报价
巴博斯,2,巴博斯 smart fortwo,20.78-30.19
巴博斯,2,巴博斯SLK级,62.00-62.00
巴博斯,2,巴博斯S级,暂无报价
巴博斯,2,巴博斯 smart forfour,暂无报价
铂驰,9,铂驰大众T6系列,78.80-78.80
铂驰,9,铂驰奔驰Sprinter系列,78.80-128.80
铂驰,9,铂驰奔驰V系列,89.80-138.80
铂驰,9,铂驰依维柯房车系列,52.80-79.80
铂驰,9,铂驰维努斯系列V260定制商务车,95.80-118.80
北汽道达,0,道达V8,12.98-14.98
拜腾,0,BYTON M-Byte,暂无报价
博郡汽车,0,博郡iV7,暂无报价
博郡汽车,0,博郡iV6,暂无报价
长安,482,长安CS75 PLUS,10.69-15.49
长安,482,逸动,7.29-10.39
长安,482,长安UNI-T,11.39-13.39
长安,482,长安CS35PLUS,6.99-10.99
长安,482,长安CS55PLUS,9.19-11.69
长安,482,长安CS75,10.39-11.99
长安,482,长安CS55,8.29-13.39
长安,482,锐程CC,9.49-12.89
长安,482,悦翔,4.99-6.79
长安,482,长安CS35,6.39-8.79
长安,482,逸动DT,5.29-8.09
长安,482,长安CS95,16.59-21.39
长安,482,长安CS15,5.59-8.09
长安,482,奔奔E-Star,2.98-7.48
长安,482,长安CS85 COUPE,11.99-16.99
长安,482,奔奔EV,4.98-8.18
长安,482,逸动XT,7.79-11.19
长安,482,睿骋CC,暂无报价
长安,482,奔奔,暂无报价
长安,482,长安CX20,暂无报价
长安,482,长安新能源E-Pro,10.69-12.69
长安,482,长安CS75 PHEV,17.58-20.78
长安,482,悦翔V3,4.39-5.29
长安,482,逸动新能源,12.99-13.99
长安,482,长安新能源CS55 纯电版,15.99-20.09
长安,482,长安CS15EV,8.98-9.88
长安,482,睿骋,暂无报价
长安,482,悦翔V5,暂无报价
长安,482,逸动ET,13.29-14.29
长安,482,长安UNI-K,15.79-18.89
长安,482,奔奔i,暂无报价
长安,482,奔奔MINI,暂无报价
长安,482,长安CX30,暂无报价
长安,482,悦翔V7,暂无报价
长安,482,奔奔LOVE,暂无报价
长安,482,凌轩,暂无报价
长安欧尚,249,长安欧尚X5,6.99-10.59
长安欧尚,249,长安欧尚X7,7.77-12.99
长安欧尚,249,长安欧尚科赛Pro,8.59-15.29
长安欧尚,249,长安欧尚科赛,8.68-15.48
长安欧尚,249,长安欧尚CX70,5.99-10.99
长安欧尚,249,长安星卡,3.49-4.94
长安欧尚,249,长安欧尚X70A,5.25-6.95
长安欧尚,249,长安欧尚科赛5,5.39-8.29
长安欧尚,249,长安欧尚科尚,7.98-16.08
长安欧尚,249,长安欧尚A800,6.59-7.89
长安欧尚,249,长安欧尚A600,4.99-8.49
长安欧尚,249,长安之星9,4.78-5.48
长安欧尚,249,欧尚长行,5.99-6.49
长安欧尚,249,长安欧尚科赛3,5.99-7.69
长安欧尚,249,尼欧Ⅱ,3.99-10.08
长安欧尚,249,长安欧尚X7 EV,15.99-17.99
长安欧尚,249,长安之星9新能源,13.18-13.98
长安欧尚,249,欧力威EV,暂无报价
长安欧尚,249,长安欧尚A600EV,14.98-15.49
长安欧尚,249,长安星卡新能源,11.98-12.28
长安欧尚,249,长安欧尚科尚EV,16.68-16.68
长安欧尚,249,欧力威,暂无报价
长安欧尚,249,长安之星,暂无报价
长安欧尚,249,长安之星S460,暂无报价
长安欧尚,249,欧尚长行EV,暂无报价
长安欧尚,249,长安之星2,暂无报价
长城,568,炮,9.78-20.78
长城,568,风骏7,8.68-13.88
长城,568,风骏5,6.88-11.28
长城,568,长城M4,暂无报价
长城,568,风骏6,8.68-11.78
长城,568,长城C50,暂无报价
长城,568,长城M2,暂无报价
长城,568,长城C20R,暂无报价
长城,568,长城C30新能源,暂无报价
长城,568,炮新能源,25.18-26.78
长城,568,风骏7EV,25.68-26.68
长城,568,长城精灵,暂无报价
长城,568,酷熊,暂无报价
长城,568,凌傲,暂无报价
长城,568,赛弗,暂无报价
长城,568,赛影,暂无报价
长城,568,炫丽,暂无报价
长城,568,风骏3,暂无报价
长城,568,金迪尔,暂无报价
长城,568,长城V80,暂无报价
长城,568,长城M1,暂无报价
长城,568,嘉誉,暂无报价
长城,568,长城C30,暂无报价
长安凯程,106,长安睿行M60,5.19-6.52
长安凯程,106,长安神骐T20,3.59-6.38
长安凯程,106,长安睿行M80,5.85-7.71
长安凯程,106,长安睿行M90,6.85-9.25
长安凯程,106,睿行M70,6.05-7.40
长安凯程,106,欧诺S,3.99-5.59
长安凯程,106,长安凯程F70,9.28-14.18
长安凯程,106,睿行S50,4.89-7.79
长安凯程,106,长安神骐F30,4.76-6.38
长安凯程,106,长安之星5,3.49-3.94
长安凯程,106,睿行EM80,13.58-13.98
长安凯程,106,长安神骐T10,3.99-5.09
长安凯程,106,长安星卡C系,3.29-4.53
长安凯程,106,长安星卡L1,3.99-5.04
长安凯程,106,睿行S50T,6.19-7.89
长安凯程,106,睿行ES30,6.68-6.98
长安凯程,106,神骐F50,暂无报价
长安凯程,106,尊行,暂无报价
长安凯程,106,睿行,暂无报价
长安凯程,106,金牛星,暂无报价
长安凯程,106,长安星光,暂无报价
长安跨越,18,新豹T3,4.10-5.18
长安跨越,18,跨越王X1,3.96-5.08
长安跨越,18,跨越王X5,5.20-6.52
长安跨越,18,新豹2,4.07-5.48
长安跨越,18,长安跨越V3,3.30-3.43
长安跨越,18,新豹3,4.62-5.99
长安跨越,18,跨越王X3,4.80-5.64
长安跨越,18,新豹MINI,3.21-4.25
长安跨越,18,跨越者D5,5.93-6.77
长安跨越,18,长安跨越V5,4.39-5.88
长安跨越,18,长安新豹MINI箱式,暂无报价
长安跨越,18,长安新豹2厢式车,暂无报价
长安跨越,18,长安跨越王箱式,暂无报价
成功汽车,0,成功V1,3.28-4.00
成功汽车,0,成功V2,3.68-4.20
成功汽车,0,成功K4,4.38-4.58
成功汽车,0,成功X1,6.80-6.80
成功汽车,0,成功K3,4.18-4.38
成功汽车,0,成功BEV6,11.98-11.98
长江汽车,1,逸酷,暂无报价
车质尚,0,艾力杰BGJ,43.68-46.98
大众,2106,高尔夫,12.98-18.02
大众,2106,宝来,9.88-15.70
大众,2106,速腾,12.89-19.29
大众,2106,朗逸,9.99-16.19
大众,2106,探岳,18.59-31.39
大众,2106,迈腾,18.69-30.99
大众,2106,途观L,21.58-31.18
大众,2106,帕萨特,18.59-28.29
大众,2106,途昂,29.99-45.99
大众,2106,途岳,16.58-22.38
大众,2106,T-ROC探歌,13.58-20.49
大众,2106,探影,11.49-16.09
大众,2106,桑塔纳,8.69-11.59
大众,2106,途锐,59.18-82.18
大众,2106,途铠,11.49-15.99
大众,2106,Polo,9.99-12.39
大众,2106,一汽-大众CC,24.68-30.18
大众,2106,辉昂,34.00-63.90
大众,2106,途昂X,28.99-43.99
大众,2106,威然,28.68-39.98
大众,2106,途安,15.18-19.48
大众,2106,凌渡,14.29-19.69
大众,2106,途观,暂无报价
大众,2106,捷达,7.98-10.68
大众,2106,探岳X,23.58-29.58
大众,2106,高尔夫·嘉旅,12.88-19.28
大众,2106,夏朗,24.68-34.38
大众,2106,C-TREK蔚领,11.39-15.89
大众,2106,迈特威,42.80-101.00
大众,2106,途观X,24.59-30.59
大众,2106,途观L新能源,26.58-29.28
大众,2106,辉腾,暂无报价
大众,2106,高尔夫(进口),20.98-37.28
大众,2106,甲壳虫,暂无报价
大众,2106,蔚揽,24.38-39.28
大众,2106,帕萨特新能源,24.39-25.39
大众,2106,朗行,11.29-16.29
大众,2106,Tiguan,23.98-35.08
大众,2106,朗逸纯电,14.89-14.89
大众,2106,高尔夫·纯电,14.77-16.88
大众,2106,凯路威,35.50-38.20
大众,2106,ID.4 CROZZ,19.99-27.99
大众,2106,探岳GTE插电混动,24.98-25.98
大众,2106,迈腾新能源,25.39-26.89
大众,2106,宝来·纯电,13.68-14.68
大众,2106,凯路威美版,78.80-92.80
大众,2106,朗境,14.89-17.19
大众,2106,高尔夫新能源(进口),24.08-24.08
大众,2106,帕萨特墨版,26.80-28.80
大众,2106,途锐新能源,67.98-67.98
大众,2106,蔚揽新能源,30.18-30.18
大众,2106,途观墨版,26.80-26.80
大众,2106,ID.4 X,19.99-27.29
大众,2106,途岳新能源,19.48-19.48
大众,2106,大众ID.5,暂无报价
大众,2106,大众e-up!,暂无报价
大众,2106,T-Cross(海外),暂无报价
大众,2106,Passat,暂无报价
大众,2106,大众ID.4,暂无报价
大众,2106,桑塔纳志俊,暂无报价
大众,2106,Passat领驭,暂无报价
大众,2106,宝来/宝来经典,暂无报价
大众,2106,ID. CROZZ,暂无报价
大众,2106,尚酷,暂无报价
大众,2106,大众CC,暂无报价
大众,2106,大众Eos,暂无报价
大众,2106,大众up!,暂无报价
大众,2106,Arteon,暂无报价
大众,2106,大众ID.3,暂无报价
大众,2106,Amarok,暂无报价
大众,2106,大众Atlas,暂无报价
大众,2106,Transporter,暂无报价
大众,2106,高尔,暂无报价
大众,2106,开迪,暂无报价
大众,2106,一汽-大众SMV,暂无报价
大众,2106,Taos,暂无报价
大众,2106,桑塔纳·浩纳,暂无报价
东风风行,398,菱智,5.99-9.99
东风风行,398,风行T5,6.99-13.59
东风风行,398,景逸X5,6.99-12.98
东风风行,398,风行SX6,5.99-9.49
东风风行,398,风行T5L,7.99-17.69
东风风行,398,风行T5 EVO,10.49-13.79
东风风行,398,风行CM7,11.89-22.99
东风风行,398,风行M7,12.69-22.99
东风风行,398,风行S500,5.99-7.09
东风风行,398,风行M6,10.29-11.89
东风风行,398,菱智PLUS,9.99-13.19
东风风行,398,风行F600,9.49-9.69
东风风行,398,景逸S50,4.89-15.18
东风风行,398,景逸X3,6.69-8.69
东风风行,398,景逸X6,8.49-10.99
东风风行,398,菱智M5EV,15.79-16.99
东风风行,398,风行S50EV,13.99-24.07
东风风行,398,景逸XV,7.99-8.69
东风风行,398,风行T1EV,7.58-7.58
东风风行,398,景逸,暂无报价
东风风行,398,景逸SUV,暂无报价
东风风光,279,风光580,7.99-12.30
东风风光,279,风光330,3.69-5.19
东风风光,279,风光S560,6.59-9.69
东风风光,279,风光ix7,12.59-21.59
东风风光,279,风光ix5,9.98-13.98
东风风光,279,风光500,5.48-7.48
东风风光,279,风光370,5.99-7.09
东风风光,279,风光580Pro,9.29-12.09
东风风光,279,东风风光360,暂无报价
东风风光,279,风光580新能源,16.99-16.99
东风风光,279,风光E3,12.98-15.98
东风风光,279,风光E1,6.18-7.38
东风风神,254,东风风神AX7,8.98-14.39
东风风神,254,奕炫,6.99-10.09
东风风神,254,奕炫GS,7.49-10.89
东风风神,254,东风风神A60,6.97-15.47
东风风神,254,东风风神AX4,7.59-9.39
东风风神,254,东风风神AX3,6.39-8.19
东风风神,254,东风风神H30,暂无报价
东风风神,254,东风风神AX5,8.59-10.99
东风风神,254,东风风神E70,13.58-15.98
东风风神,254,东风风神A30,5.97-8.57
东风风神,254,东风风神L60,暂无报价
东风风神,254,奕炫EV,14.98-15.98
东风风神,254,东风A9,暂无报价
东风风神,254,东风风神EX1,暂无报价
东风风神,254,东风风神S30,暂无报价
东南,283,东南DX3,10.59
东南,283,东南DX7,8.99-13.99
东南,283,东南A5翼舞,4.99-7.89
东南,283,东南DX5,6.99-9.99
东南,283,V3菱悦,暂无报价
东南,283,东南DX3新能源,17.15-19.15
东南,283,V5菱致,暂无报价
东南,283,V6菱仕,暂无报价
东南,283,得利卡,暂无报价
东南,283,希旺,暂无报价
东南,283,菱帅,暂无报价
东风小康,250,东风小康C37,5.18-6.18
东风小康,250,东风小康C32,3.89-5.19
东风小康,250,东风小康C31,3.59-4.89
东风小康,250,东风小康D51,4.09-5.39
东风小康,250,东风小康K07S,2.89-3.39
东风小康,250,东风小康K05S,2.89-3.59
东风小康,250,东风小康K02,3.19-3.79
东风小康,250,东风小康K01,2.59-3.49
东风小康,250,东风小康C56,5.58-5.98
东风小康,250,东风小康D52,4.39-5.69
东风小康,250,东风小康EC36,8.29-10.79
东风小康,250,东风小康C35,5.08-5.38
东风小康,250,东风小康C36,4.98-5.28
东风小康,250,东风小康C52,4.99-5.39
东风小康,250,东风小康D55,5.05-5.45
东风小康,250,东风小康C51,4.69-5.09
东风小康,250,东风小康K07,暂无报价
东风小康,250,东风小康K07II,暂无报价
东风小康,250,东风小康V21,暂无报价
东风小康,250,东风小康V22,暂无报价
东风小康,250,东风小康C55,5.48-5.48
东风,13,锐骐6,8.98-17.98
东风,13,帅客,暂无报价
东风,13,御风,10.38-28.58
东风,13,锐骐,7.78-12.78
东风,13,御风S16,11.78-28.98
东风,13,御风P16,8.48-15.18
东风,13,锐骐多功能车,暂无报价
东风,13,俊风E11K,23.38-23.38
东风,13,帅客新能源,16.88-17.08
东风,13,俊风ER30,14.98-14.98
东风,13,东风比克W101,22.96-22.96
东风,13,御风EV,18.80-48.00
东风,13,俊风,3.98-4.55
东风,13,东风比克Q503,35.00-35.00
东风,13,锐骐新能源,26.98-26.98
东风,13,帕拉索,暂无报价
东风,13,俊风CV03,暂无报价
东风,13,俊风EV30,暂无报价
东风,13,奥丁,暂无报价
东风,13,御轩,暂无报价
东风,13,锐骐6新能源,29.98-29.98
东风,13,俊风E17,暂无报价
道奇,121,挑战者美版,43.80-185.00
道奇,121,酷威,27.49-37.29
道奇,121,公羊美版,45.80-76.80
道奇,121,公羊加版,43.80-72.00
道奇,121,凯领,暂无报价
道奇,121,杜兰戈加版,63.60-63.60
道奇,121,挑战者加版,53.80-55.80
道奇,121,酷搏,暂无报价
DS,76,DS 7,22.99-31.99
DS,76,DS 6,暂无报价
DS,76,DS 5LS,暂无报价
DS,76,DS 5(进口),暂无报价
DS,76,DS 4S,暂无报价
DS,76,DS 9新能源,暂无报价
DS,76,DS 9,暂无报价
DS,76,DS 3,暂无报价
DS,76,DS 5,暂无报价
东风风度,92,东风风度MX6,暂无报价
东风风度,92,东风风度MX5,10.35-13.55
大乘汽车,82,大乘G60S,8.49-12.19
大乘汽车,82,大乘G60,5.99-9.59
大乘汽车,82,大乘E20,暂无报价
大乘汽车,82,大乘G60E,暂无报价
大乘汽车,82,大乘G70s,暂无报价
大发,0,森雅,暂无报价
电咖汽车,0,电咖·EV10,暂无报价
大运汽车,0,悦虎,6.68-8.78
大运汽车,0,大运皮卡,8.98-12.63
大运汽车,0,远志M1,20.40-21.40
大运汽车,0,大运E3,暂无报价
东风富康,2,富康ES500,暂无报价
东风富康,2,e爱丽舍,12.98-13.98
丰田,1350,凯美瑞,17.98-27.98
丰田,1350,汉兰达,23.98-32.58
丰田,1350,RAV4荣放,17.48-25.88
丰田,1350,亚洲龙,19.98-28.98
丰田,1350,卡罗拉,10.98-15.98
丰田,1350,威兰达,17.18-24.18
丰田,1350,雷凌,11.38-15.28
丰田,1350,YARiS L 致炫,7.78-10.38
丰田,1350,威驰,7.38-11.18
丰田,1350,普拉多,49.48-50.48
丰田,1350,丰田C-HR,14.18-18.08
丰田,1350,普拉多中东版,45.50-85.80
丰田,1350,兰德酷路泽中东版,69.80-142.00
丰田,1350,奕泽IZOA,14.58-17.68
丰田,1350,皇冠,25.08-37.48
丰田,1350,兰德酷路泽,暂无报价
丰田,1350,塞纳加版,48.00-69.80
丰田,1350,威驰FS,7.18-10.78
丰田,1350,YARiS L 致享,7.98-10.58
丰田,1350,埃尔法,81.90-87.30
丰田,1350,锐志,暂无报价
丰田,1350,塞纳美版,43.80-58.80
丰田,1350,穿越者中东版,29.80-52.00
丰田,1350,卡罗拉双擎E+,20.78-23.08
丰田,1350,塞纳墨版,50.00-64.50
丰田,1350,威尔法,80.50-87.30
丰田,1350,丰田86,27.78-28.78
丰田,1350,雷凌双擎E+,20.38-21.88
丰田,1350,丰田C-HR EV,22.58-24.98
丰田,1350,超霸加版,55.60-84.80
丰田,1350,逸致,14.98-18.98
丰田,1350,坦途加版,48.50-69.00
丰田,1350,FJ酷路泽中东版,50.80-58.80
丰田,1350,酷路泽70系列中东版,59.80-98.80
丰田,1350,普瑞维亚中东版,35.80-48.00
丰田,1350,海拉克斯中东版,35.80-45.80
丰田,1350,普瑞维亚,36.38-61.00
丰田,1350,埃尔法欧版,125.00-130.00
丰田,1350,奕泽E进擎,22.58-25.38
丰田,1350,柯斯达,41.84-55.89
丰田,1350,Sienna,45.00-52.00
丰田,1350,普拉多欧版,60.00-60.00
丰田,1350,坦途墨版,66.80-66.80
丰田,1350,HIACE,42.00-42.00
丰田,1350,Supra加版,99.00-99.00
丰田,1350,威飒,暂无报价
丰田,1350,海狮中东版,49.80-62.00
丰田,1350,考斯特中东版,78.00-130.00
丰田,1350,亚洲狮,暂无报价
丰田,1350,丰田RAV4新能源(进口),暂无报价
丰田,1350,Tj Cruiser,暂无报价
丰田,1350,威兰达新能源,暂无报价
丰田,1350,凌尚,暂无报价
丰田,1350,坦途美版,暂无报价
丰田,1350,Harrier,暂无报价
丰田,1350,兰德酷路泽(进口),暂无报价
丰田,1350,Supra,暂无报价
丰田,1350,考斯特 房车,暂无报价
丰田,1350,雅力士,暂无报价
丰田,1350,花冠,暂无报价
丰田,1350,普锐斯,暂无报价
丰田,1350,FJ 酷路泽,暂无报价
丰田,1350,汉兰达(进口),暂无报价
丰田,1350,特锐,暂无报价
丰田,1350,丰田RAV4(进口),暂无报价
丰田,1350,普拉多(进口),暂无报价
丰田,1350,Mirai,暂无报价
丰田,1350,丰田坦途,暂无报价
丰田,1350,YARiS(海外),暂无报价
福特,711,福克斯,10.88-15.38
福特,711,锐界,22.98-38.98
福特,711,探险者,30.98-39.98
福特,711,锐际,16.98-21.88
福特,711,全顺,12.64-19.80
福特,711,翼虎,16.98-24.98
福特,711,蒙迪欧,19.28-27.98
福特,711,撼路者,27.58-37.48
福特,711,新世代全顺,16.36-27.58
福特,711,金牛座,22.89-28.89
福特,711,途睿欧,17.69-27.58
福特,711,福睿斯,8.08-11.68
福特,711,领界,10.98-16.48
福特,711,探险者（进口）,41.28-59.18
福特,711,Mustang,36.98-39.58
福特,711,福特F-150,52.38-118.00
福特,711,野马加版,35.00-52.00
福特,711,致胜,暂无报价
福特,711,福克斯Active,13.98-15.38
福特,711,锐界(进口),暂无报价
福特,711,翼搏,暂无报价
福特,711,福特F-150加版,45.80-58.00
福特,711,野马美版,32.80-36.00
福特,711,经典全顺,暂无报价
福特,711,福克斯(进口),24.28-37.88
福特,711,福特F-150墨版,42.80-46.80
福特,711,探险者加版,42.80-43.30
福特,711,征服者墨版,95.00-99.00
福特,711,福特E450美版,168.00-168.00
福特,711,领界EV,17.98-22.30
福特,711,征服者加版,95.00-95.00
福特,711,福特F450美版,120.00-120.00
福特,711,Ranger,29.98-29.98
福特,711,C-MAX,暂无报价
福特,711,Galaxy,暂无报价
福特,711,蒙迪欧新能源,暂无报价
福特,711,福特F-150新能源,暂无报价
福特,711,领裕,暂无报价
福特,711,PUMA,暂无报价
福特,711, Bronco,暂无报价
福特,711,福特GT,暂无报价
福特,711,麦柯斯,暂无报价
福特,711,嘉年华,暂无报价
福特,711,Mustang Mach-E,暂无报价
福特,711,福特EQUATOR,暂无报价
福田,86,图雅诺,9.78-22.98
福田,86,蒙派克E,7.46-10.85
福田,86,拓陆者驭途,10.48-19.58
福田,86,风景G7,7.16-10.66
福田,86,风景G9,9.98-19.00
福田,86,拓陆者,7.78-19.88
福田,86,祥菱M,4.70-6.15
福田,86,福田奥铃捷运,4.00-14.56
福田,86,风景G5,7.47-15.39
福田,86,伽途ix5,4.19-5.89
福田,86,伽途ix7,5.39-6.59
福田,86,萨普,5.88-9.59
福田,86,祥菱V,4.03-5.64
福田,86,时代驭菱,暂无报价
福田,86,迷迪,暂无报价
福田,86,伽途im6,6.19-6.79
福田,86,福田征服者,7.78-10.78
福田,86,风景V5,3.68-5.18
福田,86,福田风景,10.23
福田,86,伽途im8,7.19-7.99
福田,86,拓陆者胜途,8.88-12.48
福田,86,蒙派克S,13.90-16.70
福田,86,图雅诺EV,26.47-29.72
福田,86,伽途GT,暂无报价
福田,86,风景V3,3.28-3.48
福田,86,福田奥铃TX,暂无报价
福田,86,欧马可,10.08-15.15
福田,86,时代轻卡,暂无报价
福田,86,萨瓦纳,暂无报价
福田,86,时代微卡,暂无报价
福田,86,奥铃CTX,暂无报价
福田,86,时代康瑞,暂无报价
福田,86,欧马可智蓝,暂无报价
福田,86,风景V5新能源,12.66-12.66
福田,86,大将军,11.98-18.38
福田,86,瑞沃工程用车,暂无报价
法拉利,13,法拉利488,408.00-449.90
法拉利,13,法拉利F8,298.80-341.80
法拉利,13,法拉利812,485.90-530.00
法拉利,13,法拉利458,暂无报价
法拉利,13,GTC4Lusso,314.50-473.20
法拉利,13,Roma,238.00-238.00
法拉利,13,SF90 Stradale,398.80-398.80
法拉利,13,Portofino,263.80-263.80
菲亚特,308,菲翔,暂无报价
菲亚特,308,致悦,暂无报价
菲亚特,308,派力奥,暂无报价
菲亚特,308,菲亚特500,20.98-26.18
菲亚特,308,博悦,暂无报价
菲亚特,308,菲跃,暂无报价
菲亚特,308,周末风,暂无报价
菲亚特,308,西耶那,暂无报价
福迪,163,揽福,11.38-16.38
福迪,163,雄师F22,7.78-15.18
福迪,163,小超人,暂无报价
福迪,163,雄师F16,5.58-9.18
枫叶汽车,0,枫叶30X,6.88-9.58
枫叶汽车,0,枫叶80V,暂无报价
福汽启腾,74,启腾EX80,6.08
福汽启腾,74,启腾V60,5.69-6.69
福汽启腾,74,启腾M70EV,9.58-13.28
福汽启腾,74,启腾M70,3.39-4.59
福汽启腾,74,启腾N50EV,11.08-11.08
福汽启腾,74,启腾EX7,16.68-16.98
飞碟汽车,0,飞碟Q2V,11.28-11.28
飞碟汽车,0,飞碟Q2T,11.58-11.58
广汽传祺,560,传祺M8,17.98-26.48
广汽传祺,560,传祺GS4,8.98-15.18
广汽传祺,560,传祺M6,10.98-15.98
广汽传祺,560,传祺GS8,15.58-26.28
广汽传祺,560,传祺GS3,7.68-11.38
广汽传祺,560,传祺GA6,10.88-16.88
广汽传祺,560,传祺GS5,10.98-16.98
广汽传祺,560,传祺GA8,15.68-22.68
广汽传祺,560,传祺GA4,7.38-11.58
广汽传祺,560,传祺GA5,暂无报价
广汽传祺,560,传祺GS4新能源,16.38-19.38
广汽传祺,560,传祺GA3,暂无报价
广汽传祺,560,传祺GA3S视界,暂无报价
广汽传祺,560,传祺GS4 COUPE,13.68-14.68
广汽传祺,560,EMPOW55,暂无报价
广汽传祺,560,传祺GS7,暂无报价
广汽传祺,560,传祺GS5 Super,暂无报价
广汽传祺,560,影动ENPULSE,暂无报价
观致,160,观致3,9.89-15.39
观致,160,观致5,13.88-16.38
观致,160,观致7,10.98-15.98
广汽埃安,15,Aion S,13.98-20.58
广汽埃安,15,AION V,15.96-23.96
广汽埃安,15,Aion LX(埃安LX),22.96-34.96
广汽埃安,15,传祺GE3,15.48-18.08
广汽埃安,15,传祺GA3S PHEV,16.48-17.48
广汽埃安,15,Aion Y(埃安Y),暂无报价
广汽集团,4,广汽丰田iA5,16.98-19.28
广汽集团,4,世锐PHEV,暂无报价
广汽集团,4,祺智EV,12.98-13.98
广汽集团,4,广汽ix4,暂无报价
广汽集团,4,祺智PHEV,暂无报价
广汽集团,4,广汽本田EA6,暂无报价
GMC,13,Savana,143.00-218.00
GMC,13,YUKON,155.00-238.00
GMC,13,Sierra,62.80-76.80
GMC,13,Savana美版,123.00-153.00
GMC,13,YUKON加版,146.00-149.00
GMC,13,SIERRA加版,75.00-85.00
GMC,13,YUKON美版,243.00-243.00
GMC,13,YUKON墨版,120.00-120.00
广汽吉奥,9,奥轩GX5,暂无报价
广汽吉奥,9,星朗,暂无报价
广汽吉奥,9,广汽吉奥GX6,暂无报价
广汽吉奥,9,星旺,2.59-2.98
广汽吉奥,9,帅舰,暂无报价
广汽吉奥,9,广汽吉奥GP150,8.88-11.28
广汽吉奥,9,财运100,5.29-5.98
广汽吉奥,9,财运300,5.79-6.18
广汽吉奥,9,星旺CL,3.68-4.58
广汽吉奥,9,帅豹,暂无报价
广汽吉奥,9,奥轩G5,暂无报价
国机智骏,0,国机智骏GC1,6.88-8.38
国机智骏,0,国机智骏GC2,6.58-8.18
国机智骏,0,国机智骏GX5,11.58-13.98
高合汽车,0,高合HiPhi X,68.00-80.00
国金汽车,3,国金GM3,22.98-24.98
光冈,0,嘉路,暂无报价
哈弗,567,哈弗H6,9.80-15.49
哈弗,567,哈弗M6,6.60-9.29
哈弗,567,哈弗大狗,11.99-15.59
哈弗,567,哈弗F7,11.18-15.18
哈弗,567,哈弗H9,20.98-27.28
哈弗,567,哈弗H6 Coupe,7.99-11.90
哈弗,567,哈弗F5,7.98-13.00
哈弗,567,哈弗H2,7.59-9.59
哈弗,567,哈弗H7,14.20-18.00
哈弗,567,哈弗F7x,11.99-15.49
哈弗,567,哈弗H4,7.39-11.50
哈弗,567,哈弗H5,10.78-13.68
哈弗,567,哈弗H1,暂无报价
哈弗,567,哈弗H2s,暂无报价
哈弗,567,哈弗H8,18.38-25.68
哈弗,567,哈弗初恋,7.89-11.29
哈弗,567,哈弗Concept H,暂无报价
哈弗,567,哈弗赤兔,暂无报价
哈弗,567,哈弗H3,暂无报价
红旗,130,红旗HS5,18.38-24.98
红旗,130,红旗H5,14.58-19.08
红旗,130,红旗H9,30.98-53.98
红旗,130,红旗HS7,27.58-45.98
红旗,130,红旗H7,25.28-31.78
红旗,130,红旗E-HS9,50.98-72.98
红旗,130,红旗L5,500.00-500.00
红旗,130,红旗E-HS3,22.58-26.58
红旗,130,红旗盛世,暂无报价
红旗,130,红旗S9,暂无报价
海马,297,海马8S,7.99-13.69
海马,297,海马S5,6.98-10.98
海马,297,福美来,6.88-9.28
海马,297,海马M3,暂无报价
海马,297,海马7X,12.58-14.98
海马,297,丘比特,暂无报价
海马,297,海马骑士,暂无报价
海马,297,海马M6,暂无报价
海马,297,海马爱尚EV,3.98-12.38
海马,297,福美来F5,暂无报价
海马,297,福美来MPV,7.98-12.89
海马,297,福美来F7,暂无报价
海马,297,海马M8,10.68-14.98
海马,297,海马E3,暂无报价
海马,297,福仕达荣达,暂无报价
海马,297,海马6P,16.28-17.58
海马,297,海马王子,暂无报价
海马,297,海马S7,暂无报价
海马,297,海马爱尚,暂无报价
海马,297,海马S5青春版,暂无报价
海马,297,海福星,暂无报价
海马,297,欢动,暂无报价
海马,297,普力马,暂无报价
汉腾汽车,162,汉腾X7,7.88-15.68
汉腾汽车,162,汉腾X5,5.98-10.68
汉腾汽车,162,汉腾V7,7.99-13.59
汉腾汽车,162,汉腾X7新能源,22.98-24.98
汉腾汽车,162,汉腾X5新能源,18.98-20.98
汉腾汽车,162,幸福e+,5.98-6.98
黄海,11,黄海N3,10.58-19.68
黄海,11,黄海N7,10.68-13.78
黄海,11,黄海N2,7.28-16.58
黄海,11,黄海N1,6.68-11.18
黄海,11,旗胜F1,暂无报价
黄海,11,旗胜V3,10.18-11.38
黄海,11,大柴神,6.28-8.98
黄海,11,挑战者SUV,暂无报价
黄海,11,翱龙CUV,暂无报价
黄海,11,傲骏,暂无报价
黄海,11,瑞途,10.28-11.18
黄海,11,瑞途新能源,25.98-25.98
华泰,122,圣达菲经典,暂无报价
华泰,122,宝利格,11.58-11.58
华泰,122,华泰B11,暂无报价
华泰,122,路盛E70,暂无报价
华泰,122,圣达菲,6.98-16.18
华泰,122,特拉卡,暂无报价
华泰,122,圣达菲7,暂无报价
华泰,122,圣达菲5,暂无报价
华泰,122,圣达菲00,暂无报价
华泰,122,路盛E80,暂无报价
汉龙汽车,0,旷世,15.98-24.38
汉龙汽车,0,汉龙SAGA,暂无报价
悍马,0,悍马H2,暂无报价
悍马,0,悍马H3,暂无报价
HYCAN合创,2,HYCAN 007,25.98-40.00
海格,3,海格H5C,16.53-24.68
海格,3,海格H7V,20.88-20.88
海格,3,海格H5V,21.08-29.28
海格,3,海格H6C,18.98-22.13
海格,3,海格H4E,22.30-25.80
海格,3,龙威,7.28-16.58
海格,3,御骏,7.18-9.28
海格,3,海格H6V,70.80-70.80
红星汽车,0,闪闪X2,暂无报价
华普,1,海尚,暂无报价
华普,1,华普海景,暂无报价
华普,1,海迅,暂无报价
华普,1,海域,暂无报价
恒天,0,途腾T1,5.98-6.98
恒天,0,途腾T3,6.98-8.38
恒天,0,途腾T2,6.38-8.58
华骐,0,华骐300E,暂无报价
华颂,1,华颂7,暂无报价
吉利,965,星瑞,11.37-14.97
吉利,965,博越,8.88-14.68
吉利,965,帝豪,6.98-9.88
吉利,965,帝豪GL,7.78-13.98
吉利,965,远景X6,6.89-9.99
吉利,965,豪越,10.36-14.26
吉利,965,博瑞,13.68-17.98
吉利,965,远景X3,4.99-6.89
吉利,965,缤越,7.58-11.98
吉利,965,帝豪GS,7.78-11.68
吉利,965,缤瑞,7.58-11.08
吉利,965,嘉际,14.88
吉利,965,远景,4.99-7.39
吉利,965,吉利icon,9.98-12.88
吉利,965,星越,13.58-19.58
吉利,965,帝豪GSe,10.99-15.99
吉利,965,帝豪新能源,13.58-15.98
吉利,965,博瑞新能源,16.98-18.38
吉利,965,嘉际新能源,15.98-19.28
吉利,965,远景X1,3.99-5.79
吉利,965,星越新能源,17.58-21.68
吉利,965,缤越新能源,12.58-14.98
吉利,965,帝豪GL新能源,15.28-16.48
吉利,965,金刚,暂无报价
吉利,965,金鹰,暂无报价
吉利,965,熊猫,暂无报价
吉利,965,优利欧,暂无报价
吉利,965,自由舰,暂无报价
吉利,965,金刚财富,暂无报价
吉利,965,吉利KX11,暂无报价
吉利,965,英伦TX4,暂无报价
吉利,965,星越L,暂无报价
吉利,965,吉利GX2,暂无报价
吉利,965,海景,暂无报价
吉利,965,远景S1,暂无报价
吉利,965,经典帝豪,暂无报价
吉利,965,吉利EC8,暂无报价
吉利,965,吉利GC7,暂无报价
吉利,965,吉利GX7,暂无报价
吉利,965,吉利SX7,暂无报价
吉利,965,吉利SC3,暂无报价
吉利,965,豪情,暂无报价
吉利,965,美人豹,暂无报价
吉利,965,英伦C5,暂无报价
捷途,275,捷途X90,7.99-14.29
捷途,275,捷途X70 PLUS,7.70-13.90
捷途,275,捷途X70,6.99-12.29
捷途,275,捷途X95,9.99-15.29
捷途,275,捷途X70S,7.69-12.99
捷途,275,捷途X70M,6.49-9.59
捷途,275,捷途X70 Coupe,9.29-12.99
捷途,275,捷途X70S EV,14.98-16.98
Jeep,152,自由光,17.98-31.98
Jeep,152,大指挥官,23.98-40.98
Jeep,152,指南者,13.98-22.98
Jeep,152,牧马人,42.99-55.99
Jeep,152,大切诺基(进口),52.99-71.49
Jeep,152,自由侠,12.98-19.08
Jeep,152,指挥官,暂无报价
Jeep,152,自由客,暂无报价
Jeep,152,指挥官PHEV,30.98-32.28
Jeep,152,牧马人加版,52.00-62.00
Jeep,152,大切诺基中东版,43.40-55.00
Jeep,152,牧马人美版,85.00
Jeep,152,指挥官（进口）,暂无报价
Jeep,152,指南者(进口),暂无报价
Jeep,152,牧马人新能源,暂无报价
Jeep,152,Grand Wagoneer,暂无报价
江淮,485,嘉悦A5,8.48-11.58
江淮,485,瑞风M3,5.98-9.48
江淮,485,瑞风M4,9.98-15.98
江淮,485,江淮iEV6E,5.95-7.55
江淮,485,瑞风S3,6.79-8.79
江淮,485,瑞风R3,6.48-9.58
江淮,485,瑞风S4,7.58-9.88
江淮,485,瑞风,9.99-16.38
江淮,485,帅铃T8,8.88-16.28
江淮,485,瑞风M5,13.95-16.65
江淮,485,瑞风S7,10.98-13.98
江淮,485,星锐,10.97-21.78
江淮,485,江淮T6,8.68-12.78
江淮,485,江淮iEV7S,9.35-10.95
江淮,485,瑞风S2,5.78-7.68
江淮,485,和悦,暂无报价
江淮,485,嘉悦X7,8.98-13.98
江淮,485,瑞风S5,8.95-13.95
江淮,485,瑞风M2,暂无报价
江淮,485,瑞风M6,19.95-25.95
江淮,485,嘉悦X4,7.28-9.98
江淮,485,江淮iEVS4,13.95-15.95
江淮,485,江淮iEVA50,13.95-14.55
江淮,485,悦悦,暂无报价
江淮,485,江淮iEV7,8.35-8.95
江淮,485,江淮iC5,14.99-17.59
江淮,485,瑞风L6 MAX,17.28-20.88
江淮,485,和悦A30,暂无报价
江淮,485,江淮iEVA60,18.95-18.95
江淮,485,瑞铃,6.18-8.29
江淮,485,和悦A13RS,暂无报价
江淮,485,帅铃T9,暂无报价
江淮,485,宾悦,暂无报价
江淮,485,瑞鹰,暂无报价
江淮,485,悍途,暂无报价
江淮,485,同悦,暂无报价
江淮,485,江淮K3,暂无报价
江淮,485,江淮K5,暂无报价
江淮,485,凌铃,3.24-3.65
江淮,485,瑞风A60,暂无报价
江淮,485,同悦RS,暂无报价
江淮,485,瑞风S2mini,暂无报价
江淮,485,江淮V7,7.18-8.38
捷达,5,捷达VS5,8.48-11.28
捷达,5,捷达VS7,10.68-13.68
捷达,5,捷达VA3,6.58-9.28
捷豹,221,捷豹XFL,37.58-57.88
捷豹,221,捷豹XEL,28.98-38.06
捷豹,221,捷豹XF,45.58-58.28
捷豹,221,捷豹F-PACE,47.58-78.78
捷豹,221,捷豹XJ,88.80-106.80
捷豹,221,捷豹F-TYPE,58.20-91.80
捷豹,221,捷豹E-PACE,28.18-38.58
捷豹,221,捷豹XE,43.68-44.80
捷豹,221,捷豹I-PACE,63.08-71.68
捷豹,221,捷豹XK,暂无报价
捷豹,221,捷豹E-PACE(海外),暂无报价
捷豹,221,捷豹S-TYPE,暂无报价
金杯,166,金杯海狮,6.18-9.38
金杯,166,阁瑞斯,8.88-27.78
金杯,166,海狮X30L,4.68-5.88
金杯,166,金杯快运,6.99-9.63
金杯,166,小海狮X30,3.39-4.68
金杯,166,金杯T52,4.88-6.18
金杯,166,华晨金杯750,5.38-7.33
金杯,166,海狮S,5.08-6.38
金杯,166,金杯F50,6.25-10.89
金杯,166,金杯大海狮,9.48-25.28
金杯,166,金杯T30,3.55-4.81
金杯,166,金杯T32,3.87-5.08
金杯,166,金杯T50,4.58-5.68
金杯,166,观境,7.59-10.29
金杯,166,金杯S50,暂无报价
金杯,166,海星A7,2.59-2.59
金杯,166,金典,5.78-6.18
金杯,166,大力神,6.68-9.48
金杯,166,金杯T22S,4.39-4.69
金杯,166,金杯T20S,3.99-4.39
金杯,166,海星A9,2.89-3.39
金杯,166,大力神K5,7.18-11.68
金杯,166,海星T22,3.14-3.68
金杯,166,雷龙,暂无报价
金杯,166,西部牛仔,4.52-5.27
金杯,166,金杯海狮快运,暂无报价
金杯,166,金杯S70,暂无报价
金杯,166,智尚S35,暂无报价
金杯,166,智尚S30,暂无报价
金杯,166,金杯海狮王,暂无报价
金杯,166,海星T20,2.79-3.35
江铃,69,特顺,9.58-13.90
江铃,69,域虎7,10.78-17.63
江铃,69,域虎9,13.48-21.18
江铃,69,宝典,8.28-10.93
江铃,69,域虎5,9.68-13.63
江铃,69,域虎3,8.98-12.22
江铃,69,凯运蓝鲸,10.98-11.98
江铃,69,凯锐800,12.08-12.91
江铃,69,域虎EV,30.98-32.98
江铃,69,凯运升级版,9.48-10.68
江铃,69,顺达宽体,9.08-10.00
江铃,69,顺达窄体,7.58-9.74
江铃,69,凯运强劲版,9.95-11.74
江铃,69,宝威,暂无报价
江铃,69,凯运,暂无报价
江铃,69,顺达,暂无报价
江铃,69,特顺新能源,20.60-24.68
江铃,69,骐铃T15,暂无报价
几何汽车,2,几何C,12.98-18.28
几何汽车,2,几何A,15.00-19.00
几何汽车,2,几何T,暂无报价
江铃集团新能源,4,江铃E200L,5.38-6.38
江铃集团新能源,4,江铃E200N,5.68-6.68
江铃集团新能源,4,易至EV3,6.68-8.38
江铃集团新能源,4,江铃E160,暂无报价
江铃集团新能源,4,易至EX5,8.98-13.28
江铃集团新能源,4,江铃E100B,暂无报价
君马汽车,28,君马S70,暂无报价
君马汽车,28,君马MEET 5,暂无报价
君马汽车,28,君马MEET 3(美图3),暂无报价
君马汽车,28,君马SEEK 5(赛克5),暂无报价
九龙,1,九龙A4,12.18-17.88
九龙,1,艾菲,12.98-31.28
九龙,1,九龙A5,14.78-21.60
九龙,1,考斯特,23.98-25.98
九龙,1,艾菲新能源,暂无报价
九龙,1,九龙EM3,8.58-10.18
金龙,8,金威,6.75-9.58
金龙,8,凯锐浩克,7.58-18.80
金龙,8,凯歌,17.70-18.90
金龙,8,凯特,13.88-25.00
金旅,40,金旅海狮,7.08-10.78
金旅,40,金旅海狮新能源,9.28-15.98
金旅,40,金旅大海狮新能源,75.00-75.00
金旅,40,金旅大海狮,16.68-22.88
钧天汽车,2,勇猛者,77.80-118.00
奇点汽车,0,奇点iS6,暂无报价
凯迪拉克,248,凯迪拉克XT4,25.97-39.17
凯迪拉克,248,凯迪拉克XT6,38.97-55.27
凯迪拉克,248,凯迪拉克CT5,27.97-34.17
凯迪拉克,248,凯迪拉克XT5,32.97-47.27
凯迪拉克,248,凯迪拉克CT6,37.97-48.97
凯迪拉克,248,凯迪拉克CT4,23.97-25.97
凯迪拉克,248,凯迪拉克ATS-L,暂无报价
凯迪拉克,248,凯迪拉克XTS,暂无报价
凯迪拉克,248,凯迪拉克SRX,暂无报价
凯迪拉克,248,凯迪拉克总统一号,168.00-358.00
凯迪拉克,248,凯雷德ESCALADE,148.80-148.80
凯迪拉克,248,凯雷德美版,188.00-188.00
凯迪拉克,248,凯雷德加版,168.00-188.00
凯迪拉克,248,凯迪拉克CT6 PLUG-IN,55.88-65.88
凯迪拉克,248,凯迪拉克ATS(进口),暂无报价
凯迪拉克,248,凯迪拉克CT4(海外),暂无报价
凯迪拉克,248,SLS赛威,暂无报价
凯迪拉克,248,凯迪拉克CTS(进口),暂无报价
凯迪拉克,248,凯迪拉克XT6（海外）,暂无报价
凯迪拉克,248,Lyriq,暂无报价
凯迪拉克,248,凯迪拉克CT5(海外),暂无报价
凯迪拉克,248,凯迪拉克CTS,暂无报价
开瑞,281,开瑞K50,3.99-6.88
开瑞,281,开瑞K60,4.99-6.69
开瑞,281,优优,3.45-4.64
开瑞,281,优劲,3.29-6.24
开瑞,281,优优EV,8.98-12.28
开瑞,281,开瑞K60EV,19.88-20.88
开瑞,281,海豚EV,12.68-14.88
开瑞,281,优劲EV,10.28-11.58
开瑞,281,优派,暂无报价
开瑞,281,优雅,暂无报价
开瑞,281,杰虎,暂无报价
开瑞,281,开瑞K50EV,暂无报价
开瑞,281,优胜,暂无报价
开瑞,281,优胜2代,暂无报价
开瑞,281,优雅2代,暂无报价
开瑞,281,优优2代,3.40-4.30
凯翼,88,凯翼X3,6.39-7.59
凯翼,88,炫界,5.89-8.49
凯翼,88,凯翼X5,7.89-10.49
凯翼,88,凯翼E3,5.29-8.06
凯翼,88,凯翼V3,暂无报价
凯翼,88,凯翼C3,暂无报价
凯翼,88,凯翼C3R,暂无报价
凯翼,88,凯翼E5 EV,13.98-14.58
克莱斯勒,85,大捷龙(进口),49.69-49.69
克莱斯勒,85,大捷龙PHEV(进口),49.69-49.69
克莱斯勒,85,克莱斯勒300C(进口),39.99-49.19
克莱斯勒,85,克莱斯勒300C,暂无报价
克莱斯勒,85,大捷龙,暂无报价
克莱斯勒,85,铂锐,暂无报价
科尼赛克,0,Agera,2650.00-2650.00
科尼赛克,0,科尼赛克欧规版,2635.00-2635.00
科尼赛克,0,Gemera,暂无报价
科尼赛克,0,Jesko,暂无报价
KTM,0,X-BOW,139.80-139.80
开沃汽车,1,开沃D10,14.88-16.88
开沃汽车,1,开沃D07创业者,10.48-10.88
开沃汽车,1,开沃D09,暂无报价
开沃汽车,1,开沃D11,24.98-24.98
开沃汽车,1,开沃D08,8.80-8.80
凯伦宾威,4,宇通凯伦宾威国产依维柯房车,54.80-62.80
凯伦宾威,4,宇通凯伦宾威进口依维柯房车,89.80-138.00
卡尔森,1,卡尔森 GL级,暂无报价
卡威,0,卡威K1,7.58-9.88
卡威,0,卡威W1,暂无报价
卡威,0,路易斯,10.88-11.28
卡威,0,卡威K150,暂无报价
领克,268,领克05,17.58-23.58
领克,268,领克01,15.08-20.18
领克,268,领克06,11.86-14.56
领克,268,领克03,11.38-24.88
领克,268,领克02,11.98-18.88
领克,268,领克03新能源,16.87-19.87
领克,268,领克01新能源,19.27-23.88
领克,268,领克02新能源,16.97-19.97
领克,268,领克EX11,暂无报价
领克,268,领克06新能源,暂无报价
领克,268,领克ZERO,暂无报价
雷克萨斯,239,雷克萨斯ES,29.00-48.30
雷克萨斯,239,雷克萨斯RX,39.00-81.00
雷克萨斯,239,雷克萨斯NX,30.40-54.20
雷克萨斯,239,雷克萨斯UX,25.90-38.60
雷克萨斯,239,雷克萨斯LS,87.80-118.00
雷克萨斯,239,雷克萨斯CT,21.50-28.20
雷克萨斯,239,雷克萨斯LX,129.10-141.70
雷克萨斯,239,雷克萨斯LX中东版,148.00-180.00
雷克萨斯,239,雷克萨斯LC,115.50-126.50
雷克萨斯,239,雷克萨斯IS,29.80-41.30
雷克萨斯,239,雷克萨斯LM,116.60-146.60
雷克萨斯,239,雷克萨斯RX经典,暂无报价
雷克萨斯,239,雷克萨斯RC,44.60-49.60
雷克萨斯,239,雷克萨斯GX中东版,86.00-117.00
雷克萨斯,239,雷克萨斯LM欧版,146.00-235.00
雷克萨斯,239,雷克萨斯UX新能源,36.20-38.50
雷克萨斯,239,雷克萨斯LX加版,139.00-200.00
雷克萨斯,239,雷克萨斯RX加版,65.50-69.80
雷克萨斯,239,雷克萨斯GS,暂无报价
雷克萨斯,239,雷克萨斯GX,暂无报价
雷克萨斯,239,雷克萨斯LF-30,暂无报价
林肯,139,冒险家,24.68-34.58
林肯,139,航海家(进口),38.88-51.88
林肯,139,飞行家,50.98-75.98
林肯,139,林肯MKC,27.98-37.68
林肯,139,林肯MKZ,25.58-36.98
林肯,139,林肯大陆,36.08-55.58
林肯,139,领航员,109.80-129.80
林肯,139,飞行家（进口）,62.88-68.88
林肯,139,林肯MKX,暂无报价
林肯,139,领航员美版,98.00-253.00
林肯,139,林肯领袖一号,189.00-189.00
林肯,139,领航员加版,123.00-203.00
林肯,139,飞行家新能源,81.88-81.88
林肯,139,林肯MKT美版,88.00-88.00
林肯,139,林肯MKX美版,52.60-52.60
林肯,139,领航员墨版,148.00-148.00
林肯,139,航海家,33.08-48.58
林肯,139,冒险家(海外),暂无报价
路虎,288,揽胜,122.50-321.30
路虎,288,揽胜运动版,90.48-189.80
路虎,288,发现运动版,35.68-45.58
路虎,288,发现,66.98-83.78
路虎,288,揽胜星脉,57.28-87.88
路虎,288,路虎卫士,77.80-95.80
路虎,288,揽胜极光,35.58-50.58
路虎,288,发现神行,暂无报价
路虎,288,揽胜极光(进口),69.80-69.80
路虎,288,发现5加版,84.80-92.80
路虎,288,路虎皇家一号,248.00-328.00
路虎,288,发现5欧版,60.00-92.80
路虎,288,揽胜行政欧版,128.00-215.00
路虎,288,揽胜运动版新能源,86.48-86.48
路虎,288,揽胜行政中东版,125.00-159.00
路虎,288,揽胜运动欧版,78.00-109.80
路虎,288,揽胜新能源,132.30-132.30
路虎,288,卫士欧版,89.90-130.00
路虎,288,揽胜运动加版,79.00-106.80
路虎,288,揽胜行政美版,138.00-148.00
路虎,288,揽胜行政加版,136.80-368.00
路虎,288,发现4欧版,85.00-85.00
路虎,288,揽胜星脉加版,72.00-75.00
路虎,288,第三代发现,暂无报价
路虎,288,神行者2,暂无报价
路虎,288,发现运动版新能源,暂无报价
铃木,553,雨燕,暂无报价
铃木,553,天语 SX4,暂无报价
铃木,553,维特拉,暂无报价
铃木,553,奥拓,4.18-6.19
铃木,553,启悦,7.89-10.99
铃木,553,北斗星,4.20-4.40
铃木,553,北斗星X5,暂无报价
铃木,553,吉姆尼(进口),14.18-16.08
铃木,553,羚羊,暂无报价
铃木,553,浪迪,暂无报价
铃木,553,超级维特拉,暂无报价
铃木,553,锋驭,暂无报价
铃木,553,利亚纳A6,5.49-6.09
铃木,553,天语 尚悦,暂无报价
铃木,553,凯泽西,暂无报价
铃木,553,派喜,暂无报价
铃木,553,英格尼斯,12.90-12.90
铃木,553,骁途,暂无报价
铃木,553,利亚纳,暂无报价
劳斯莱斯,19,库里南,610.00-780.00
劳斯莱斯,19,幻影,790.00-920.00
劳斯莱斯,19,古思特,450.00-786.00
劳斯莱斯,19,魅影,505.00-875.00
劳斯莱斯,19,曜影,520.00-620.00
陆风,303,陆风X7,暂无报价
陆风,303,陆风X8,11.99-15.79
陆风,303,陆风X2,6.38-8.88
陆风,303,陆风X5,7.98-11.58
陆风,303,陆风X9,暂无报价
陆风,303,陆风逍遥,7.69-12.19
陆风,303,陆风X6,暂无报价
陆风,303,陆风荣曜,7.99-9.99
陆风,303,风华,暂无报价
陆风,303,风尚,暂无报价
零跑汽车,0,零跑T03,5.98-7.58
零跑汽车,0,零跑C11,15.98-19.98
零跑汽车,0,零跑S01,11.99-15.09
兰博基尼,10,Huracan,254.00-390.00
兰博基尼,10,Aventador,613.70-920.47
兰博基尼,10,Urus,291.20-294.11
兰博基尼,10,Gallardo,暂无报价
猎豹汽车,321,猎豹CS9,7.68-12.98
猎豹汽车,321,猎豹CS10,7.98-11.98
猎豹汽车,321,猎豹Q6,11.99-16.98
猎豹汽车,321,飞腾,暂无报价
猎豹汽车,321,猎豹CS6,暂无报价
猎豹汽车,321,Mattu,13.68-14.88
猎豹汽车,321,猎豹CS9新能源,20.58-21.58
猎豹汽车,321,猎豹CT7,8.28-12.08
猎豹汽车,321,猎豹CS7,暂无报价
猎豹汽车,321,猎豹CT5,暂无报价
猎豹汽车,321,飞扬,暂无报价
猎豹汽车,321,黑金刚,暂无报价
猎豹汽车,321,猎豹6481,暂无报价
理想,0,理想ONE,32.80-32.80
雷诺,191,Espace,25.88-32.88
雷诺,191,雷诺 e诺,6.18-7.18
雷诺,191,科雷缤,暂无报价
雷诺,191,风朗,16.58-18.98
雷诺,191,纬度,暂无报价
雷诺,191,卡缤(进口),13.18-14.18
雷诺,191,梅甘娜,33.99-35.99
雷诺,191,拉古那,暂无报价
雷诺,191,风景,暂无报价
雷诺,191,科雷傲(进口),暂无报价
雷诺,191,科雷傲,暂无报价
雷诺,191,塔利斯曼,暂无报价
雷诺,191,科雷嘉,暂无报价
力帆汽车,142,轩朗,6.98-10.68
力帆汽车,142,迈威,暂无报价
力帆汽车,142,力帆X60,暂无报价
力帆汽车,142,乐途,3.58-5.98
力帆汽车,142,力帆820,暂无报价
力帆汽车,142,丰顺,3.28-4.94
力帆汽车,142,力帆X50,暂无报价
力帆汽车,142,力帆720,暂无报价
力帆汽车,142,力帆650EV,暂无报价
力帆汽车,142,力帆330,暂无报价
力帆汽车,142,力帆530,暂无报价
力帆汽车,142,力帆630,暂无报价
力帆汽车,142,力帆330EV,暂无报价
力帆汽车,142,兴顺,3.78-4.58
力帆汽车,142,福顺,2.78-3.18
力帆汽车,142,力帆620EV,21.98-21.98
力帆汽车,142,力帆320,暂无报价
力帆汽车,142,力帆520,暂无报价
力帆汽车,142,力帆620,暂无报价
力帆汽车,142,力帆650,暂无报价
力帆汽车,142,力帆X80,暂无报价
力帆汽车,142,迈威新能源,20.98-20.98
力帆汽车,142,力帆820EV,暂无报价
莲花汽车,52,莲花L3,暂无报价
莲花汽车,52,莲花L5,暂无报价
莲花汽车,52,竞速,暂无报价
莲花汽车,52,竞悦,暂无报价
理念,3,广汽本田VE-1,15.98-18.38
理念,3,理念S1,暂无报价
凌宝汽车,0,凌宝BOX,3.38-4.58
Lorinser,8,Lorinser MAYBACH S级,218.80-238.80
Lorinser,8,Lorinser VS系列,118.80-198.80
Lorinser,8,Lorinser GS500,暂无报价
Lorinser,8,Sprinter LS500,160.00-160.00
Lorinser,8,Metris MS500,88.80-88.80
Lorinser,8,Lorinser LS560MX,138.80-158.80
雷丁,0,雷丁i3,4.98-6.28
雷丁,0,雷丁i5,7.58-7.58
雷丁,0,雷丁i9,11.58-13.99
路特斯,18,Evora,97.20-97.20
路特斯,18,Exige,82.00-82.00
路特斯,18,Elise,暂无报价
路特斯,18,Evija,暂无报价
LOCAL MOTORS,0,RALLY FIGHTER,暂无报价
领途汽车,0,领途K-ONE,17.58-21.58
领途汽车,0,领途S3,暂无报价
领途汽车,0,领途E行,暂无报价
罗夫哈特,0,罗夫哈特GR500,92.50-97.50
朗世,0,朗世,暂无报价
马自达,510,马自达3 昂克赛拉,11.59-18.99
马自达,510,马自达CX-5,17.98-24.58
马自达,510,马自达CX-4,14.88-21.58
马自达,510,阿特兹,17.58-24.78
马自达,510,马自达CX-30,12.99-19.99
马自达,510,马自达6,暂无报价
马自达,510,马自达CX-8,25.88-33.08
马自达,510,睿翼,暂无报价
马自达,510,马自达3星骋,暂无报价
马自达,510,马自达5,暂无报价
马自达,510,马自达MX-5,33.90-34.00
马自达,510,马自达8,暂无报价
马自达,510,ATENZA,暂无报价
马自达,510,马自达CX-3,暂无报价
马自达,510,马自达CX-30(海外),暂无报价
马自达,510,马自达CX-5(进口),暂无报价
马自达,510,马自达MX-30,暂无报价
马自达,510,马自达2,暂无报价
马自达,510,马自达2劲翔,暂无报价
马自达,510,马自达3,暂无报价
马自达,510,马自达6(海外),暂无报价
马自达,510,马自达3(进口),暂无报价
马自达,510,马自达CX-7,暂无报价
马自达,510,马自达CX-9,暂无报价
名爵,404,名爵6,9.38-14.28
名爵,404,名爵5,6.79-10.49
名爵,404,名爵ZS,7.88-11.28
名爵,404,名爵HS,10.98-16.98
名爵,404,MG领航,9.98-15.98
名爵,404,名爵3,暂无报价
名爵,404,锐腾,暂无报价
名爵,404,名爵EZS纯电动,11.98-14.98
名爵,404,名爵6新能源,14.58-17.58
名爵,404,名爵3SW,8.77-8.77
名爵,404,锐行,暂无报价
名爵,404,名爵HS新能源,18.98-21.98
名爵,404,MG领航新能源,16.68-18.68
名爵,404,Hector,暂无报价
名爵,404,名爵E-motion,暂无报价
名爵,404,名爵7,暂无报价
MINI,76,MINI,19.08-37.68
MINI,76,MINI COUNTRYMAN,24.88-34.38
MINI,76,MINI CLUBMAN,24.58-32.58
MINI,76,MINI JCW COUNTRYMAN,39.98-42.98
MINI,76,MINI JCW,32.58-36.18
MINI,76,MINI JCW CLUBMAN,38.48-40.98
MINI,76,MINI PACEMAN,暂无报价
玛莎拉蒂,81,总裁,140.58-194.08
玛莎拉蒂,81,Ghibli,72.58-97.88
玛莎拉蒂,81,Levante,96.18-122.98
玛莎拉蒂,81,总裁美版,119.00-189.00
玛莎拉蒂,81,玛莎拉蒂MC20,210.00-210.00
玛莎拉蒂,81,GranTurismo,219.80-288.80
玛莎拉蒂,81,Ghibli美版,126.00-129.00
玛莎拉蒂,81,Levante美版,79.80-120.00
玛莎拉蒂,81,Coupe,暂无报价
玛莎拉蒂,81,总裁中东版,108.00-128.00
玛莎拉蒂,81,GranCabrio,268.80-302.80
玛莎拉蒂,81,Levante中东版,79.80-125.00
玛莎拉蒂,81,总裁加版,116.80-140.00
迈凯伦,7,迈凯伦720S,339.80-378.80
迈凯伦,7,迈凯伦570,243.60-270.80
迈凯伦,7,迈凯伦GT,198.80-198.80
迈凯伦,7,迈凯伦540C,220.00-220.00
迈凯伦,7,迈凯伦600LT,292.30-319.50
迈凯伦,7,迈凯伦12C,暂无报价
迈凯伦,7,迈凯伦p1欧规版,299.00-299.00
迈凯伦,7,迈凯伦570GT欧规版,310.00-310.00
迈凯伦,7,迈凯伦540C欧规版,330.00-330.00
迈凯伦,7,迈凯伦765LT,暂无报价
迈巴赫,2,迈巴赫,暂无报价
迈巴赫,2,迈巴赫S级欧版,360.00-2000.00
摩根,0,摩根Plus 8,248.00-248.00
摩根,0,3 Wheeler,88.00-89.36
摩根,0,摩根Aero,323.75-417.19
Mansory,2,迈莎锐G级,385.00-518.00
Mansory,2,迈莎锐Cayenne,158.80-158.80
Mansory,2,迈莎锐揽胜,258.80-258.80
明君汽车,6,华凯皮卡,6.54-10.68
哪吒汽车,8,哪吒V,5.99-12.08
哪吒汽车,8,哪吒N01,6.68-13.98
哪吒汽车,8,哪吒U,13.98-19.98
哪吒汽车,8,哪吒Eureka 03,暂无报价
纳智捷,126,大7 MPV,暂无报价
纳智捷,126,纳5,暂无报价
纳智捷,126,锐3,暂无报价
纳智捷,126,纳智捷URX,暂无报价
纳智捷,126,U5 SUV,暂无报价
纳智捷,126,优6 SUV,暂无报价
纳智捷,126,大7 SUV,暂无报价
NEVS国能汽车,0,NEVS 93,16.98-16.98
欧拉,8,欧拉黑猫,6.98-8.48
欧拉,8,欧拉白猫,7.18-8.88
欧拉,8,欧拉好猫,10.39-14.39
欧拉,8,欧拉iQ,11.48-15.03
讴歌,64,讴歌RDX,32.80-46.00
讴歌,64,讴歌CDX,22.98-34.98
讴歌,64,讴歌MDX,69.80-84.80
讴歌,64,讴歌TLX-L,27.98-37.98
讴歌,64,讴歌RDX（进口）,39.98-45.98
讴歌,64,讴歌NSX,289.00-289.00
讴歌,64,讴歌ZDX,暂无报价
讴歌,64,讴歌TLX,暂无报价
讴歌,64,讴歌TL,暂无报价
欧朗,8,欧朗,暂无报价
欧宝,8,安德拉,暂无报价
欧宝,8,欧宝Corsa新能源,暂无报价
欧宝,8,赛飞利,暂无报价
欧宝,8,威达,暂无报价
欧宝,8,雅特,暂无报价
帕加尼,0,Huayra,2900.00-2900.00
帕加尼,0,Zonda,暂无报价
Polestar,0,Polestar 1,145.00-145.00
Polestar,0,Polestar 2,33.80-41.80
Polestar,0,Precept,暂无报价
奇瑞,720,瑞虎8,8.88-15.99
奇瑞,720,瑞虎5x,5.99-11.09
奇瑞,720,瑞虎8 PLUS,12.49-15.99
奇瑞,720,瑞虎7,7.99-14.98
奇瑞,720,艾瑞泽5,4.99-8.58
奇瑞,720,瑞虎3X,4.69-6.79
奇瑞,720,艾瑞泽5 PLUS,6.99-9.99
奇瑞,720,艾瑞泽GX,7.59-11.39
奇瑞,720,奇瑞eQ1,5.98-7.88
奇瑞,720,瑞虎3,5.99-7.99
奇瑞,720,风云2,暂无报价
奇瑞,720,瑞虎e,10.88-14.39
奇瑞,720,奇瑞蚂蚁,14.98-18.98
奇瑞,720,瑞虎,暂无报价
奇瑞,720,瑞虎5,8.88-12.38
奇瑞,720,艾瑞泽7,暂无报价
奇瑞,720,瑞虎3xe,9.38-10.68
奇瑞,720,艾瑞泽5e,15.98-15.98
奇瑞,720,奇瑞E3,暂无报价
奇瑞,720,奇瑞QQ3,暂无报价
奇瑞,720,奇瑞eQ,15.99-17.19
奇瑞,720,艾瑞泽e,10.98-15.48
奇瑞,720,艾瑞泽3,暂无报价
奇瑞,720,艾瑞泽M7,暂无报价
奇瑞,720,小蚂蚁,6.68-7.88
奇瑞,720,奇瑞QQ3EV,暂无报价
奇瑞,720,奇瑞X1,暂无报价
奇瑞,720,奇瑞E5,暂无报价
奇瑞,720,旗云5,暂无报价
奇瑞,720,旗云1,暂无报价
奇瑞,720,旗云2,暂无报价
奇瑞,720,旗云3,暂无报价
奇瑞,720,东方之子,暂无报价
奇瑞,720,东方之子Cross,暂无报价
奇瑞,720,奇瑞A1,暂无报价
奇瑞,720,奇瑞A3,暂无报价
奇瑞,720,奇瑞A5,暂无报价
奇瑞,720,奇瑞QQ6,暂无报价
奇瑞,720,奇瑞QQme,暂无报价
奇瑞,720,旗云,暂无报价
奇瑞,720,风云,暂无报价
起亚,616,智跑,11.99-14.89
起亚,616,起亚K3,10.88-13.18
起亚,616,起亚K2,7.29-10.39
起亚,616,KX3傲跑,10.88-12.58
起亚,616,奕跑,6.98-8.28
起亚,616,起亚KX5,15.48-18.18
起亚,616,焕驰,6.49-6.89
起亚,616,K5凯酷,16.18-20.58
起亚,616,福瑞迪,7.88-10.28
起亚,616,索兰托,22.68-31.38
起亚,616,KX CROSS,8.69-9.09
起亚,616,起亚KX7,17.98-27.68
起亚,616,狮跑,暂无报价
起亚,616,起亚K4,12.88-18.88
起亚,616,凯绅,13.03-14.98
起亚,616,起亚K5新能源,22.28-23.98
起亚,616,秀尔,暂无报价
起亚,616,起亚K3S,暂无报价
起亚,616,速迈,暂无报价
起亚,616,霸锐,41.68-41.68
起亚,616,起亚VQ,暂无报价
起亚,616,起亚K9,暂无报价
起亚,616,起亚KX3新能源,23.98-23.98
起亚,616,极睿,15.38-19.38
起亚,616,起亚K3新能源,20.98-25.98
起亚,616,斯汀格,27.98-31.98
起亚,616,佳乐,暂无报价
起亚,616,起亚Ceed,暂无报价
起亚,616,嘉华(进口),暂无报价
起亚,616,起亚XCeed,暂无报价
起亚,616,凯尊,暂无报价
起亚,616,锐欧,暂无报价
起亚,616,嘉华,暂无报价
起亚,616,赛拉图,暂无报价
起亚,616,远舰,暂无报价
起亚,616,千里马,暂无报价
起亚,616,欧菲莱斯,暂无报价
启辰,254,启辰D60,6.98-9.88
启辰,254,启辰星,10.96-14.96
启辰,254,启辰T60,8.68-11.88
启辰,254,启辰T70,8.98-12.78
启辰,254,启辰T90,11.88-15.48
启辰,254,启辰D60EV,15.01-17.88
启辰,254,启辰T70X,11.68-13.38
启辰,254,启辰R30,暂无报价
启辰,254,启辰T60EV,16.88-18.18
启辰,254,启辰R50X,7.45-9.28
启辰,254,晨风,24.28-26.18
启辰,254,启辰E30,7.00-8.54
启辰,254,启辰The X,暂无报价
启辰,254,启辰D50,暂无报价
启辰,254,启辰R50,暂无报价
启辰,254,启辰M50V,暂无报价
前途汽车,0,前途K50,暂无报价
前途汽车,0,前途K20,暂无报价
骐铃汽车,6,骐铃T100,5.28-7.18
骐铃汽车,6,骐铃T7,7.28-11.38
骐铃汽车,6,骐铃T5,6.58-8.18
骐铃汽车,6,骐铃T3,暂无报价
乔治·巴顿,1,战车,368.00-378.00
乔治·巴顿,1,乔治·巴顿美版,358.80-358.80
乔治·巴顿,1,战剑,168.00-168.00
全球鹰,1,全球鹰K11,15.28-18.18
全球鹰,1,全球鹰K17,暂无报价
全球鹰,1,全球鹰K10,15.08-15.08
全球鹰,1,全球鹰EX3,暂无报价
全球鹰,1,全球鹰K12,暂无报价
全球鹰,1,全球鹰K27,暂无报价
日产,1119,轩逸,9.98-14.30
日产,1119,奇骏,18.88-27.33
日产,1119,天籁,17.98-26.98
日产,1119,逍客,15.49-18.89
日产,1119,骐达TIIDA,9.99-13.59
日产,1119,途达,16.98-24.83
日产,1119,楼兰,23.88-37.58
日产,1119,劲客,9.98-13.88
日产,1119,途乐,55.80-84.18
日产,1119,蓝鸟,9.59-13.39
日产,1119,途乐中东版,53.00-86.80
日产,1119,骊威,暂无报价
日产,1119,纳瓦拉,13.98-19.98
日产,1119,阳光,暂无报价
日产,1119,日产GT-R,162.80-235.00
日产,1119,日产NV200,暂无报价
日产,1119,贵士,46.80-46.80
日产,1119,轩逸·纯电,23.80-25.40
日产,1119,玛驰,5.98-8.75
日产,1119,Pathfinder探路者中东版,42.80-42.80
日产,1119,西玛,23.48-26.78
日产,1119,日产370Z,52.50-64.50
日产,1119,GT-R加版,158.00-168.00
日产,1119,泰坦美版,45.80-45.80
日产,1119,日产D22,13.88-18.88
日产,1119,日产ZN厢式车,15.18-19.38
日产,1119,碧莲,79.80-126.80
日产,1119,奇骏(进口),暂无报价
日产,1119,风雅,暂无报价
日产,1119,骏逸,暂无报价
日产,1119,颐达,暂无报价
日产,1119,帕拉丁,暂无报价
日产,1119,逍客(海外),暂无报价
日产,1119,JUKE,暂无报价
日产,1119,劲客(海外),暂无报价
日产,1119,Skyline,暂无报价
日产,1119,凯普斯达,暂无报价
日产,1119,日产Z Proto,暂无报价
荣威,612,荣威RX5,9.98-13.98
荣威,612,荣威i5,6.89-11.59
荣威,612,荣威RX5 MAX,11.88-18.98
荣威,612,荣威RX8,16.88-22.88
荣威,612,荣威RX3,6.98-10.43
荣威,612,荣威i6,8.98-13.98
荣威,612,荣威i6 MAX,10.98-12.58
荣威,612,荣威iMAX8,18.88-25.38
荣威,612,荣威Ei5,12.88-16.11
荣威,612,荣威RX5新能源,15.58-29.68
荣威,612,科莱威CLEVER,4.60-6.00
荣威,612,荣威360,暂无报价
荣威,612,荣威i6新能源,14.78-20.18
荣威,612,荣威RX5 MAX新能源,19.58-23.58
荣威,612,荣威MARVEL X,26.88-30.88
荣威,612,荣威950,暂无报价
荣威,612,荣威e950,暂无报价
荣威,612,荣威550,暂无报价
荣威,612,荣威750,暂无报价
荣威,612,荣威350,暂无报价
荣威,612,荣威W5,暂无报价
荣威,612,荣威MARVEL-R,暂无报价
荣威,612,极光号,暂无报价
R汽车,0,R汽车 ER6,16.28-20.08
瑞驰新能源,5,瑞驰新能源EC35,10.28-10.28
瑞驰新能源,5,瑞驰新能源EC31,10.28-10.98
瑞驰新能源,5,瑞驰新能源EK05,5.29-5.29
瑞驰新能源,5,瑞驰新能源EK07S,7.98-7.98
如虎,0,如虎 XL,350.00-350.00
如虎,0,如虎 CTR 3,550.00-550.00
斯柯达,426,明锐,9.99-16.14
斯柯达,426,柯米克,8.99-12.59
斯柯达,426,柯迪亚克,17.79-24.79
斯柯达,426,柯珞克,12.99-15.99
斯柯达,426,速派,15.49-22.99
斯柯达,426,昕锐,7.79-9.99
斯柯达,426,昕动,7.79-10.99
斯柯达,426,晶锐,暂无报价
斯柯达,426,柯迪亚克GT,17.99-25.29
斯柯达,426,VISION IN,暂无报价
斯柯达,426,昊锐,暂无报价
斯柯达,426,明锐(进口),暂无报价
斯柯达,426,KAMIQ,暂无报价
斯柯达,426,速派新能源(进口),暂无报价
斯柯达,426,Yeti,暂无报价
斯柯达,426,VISION X,暂无报价
上汽MAXUS,115,上汽大通MAXUS G10,13.98-22.98
上汽MAXUS,115,上汽大通MAXUS V90,14.78-24.96
上汽MAXUS,115,上汽大通MAXUS V80,10.28-24.56
上汽MAXUS,115,上汽大通MAXUS G50,8.68-16.70
上汽MAXUS,115,上汽大通MAXUS G20,18.68-28.98
上汽MAXUS,115,上汽MAXUS T60,8.98-21.38
上汽MAXUS,115,上汽大通MAXUS T70,8.98-20.48
上汽MAXUS,115,上汽MAXUS D90,15.67-24.90
上汽MAXUS,115,上汽MAXUS D90 Pro,17.98-27.68
上汽MAXUS,115,上汽大通MAXUS EUNIQ 5,16.58-23.03
上汽MAXUS,115,上汽大通MAXUS D60,9.38-19.00
上汽MAXUS,115,上汽MAXUS EG10,30.28-41.68
上汽MAXUS,115,上汽大通MAXUS EUNIQ 7,29.98-39.98
上汽MAXUS,115,上汽MAXUS EV30,12.87-18.17
上汽MAXUS,115,上汽大通MAXUS RV80,31.68-45.98
上汽MAXUS,115,上汽大通MAXUS RG20,暂无报价
上汽MAXUS,115,上汽MAXUS EUNIQ 6,暂无报价
上汽MAXUS,115,上汽大通MAXUS EV90,21.90-33.90
上汽MAXUS,115,伊思坦纳,暂无报价
三菱,491,欧蓝德,15.98-22.58
三菱,491,帕杰罗(进口),34.98-39.98
三菱,491,奕歌,12.98-18.58
三菱,491,劲炫ASX,9.98-13.98
三菱,491,翼神,暂无报价
三菱,491,帕杰罗·劲畅(进口),27.98-30.98
三菱,491,帕杰罗中东版,32.80-42.00
三菱,491,蓝瑟,暂无报价
三菱,491,帕杰罗・劲畅中东版,28.00-28.00
三菱,491,LANCER,暂无报价
三菱,491,君阁,暂无报价
三菱,491,帕杰罗速跑,暂无报价
三菱,491,风迪思,暂无报价
三菱,491,菱绅,暂无报价
三菱,491,欧蓝德经典,暂无报价
三菱,491,帕杰罗,暂无报价
三菱,491,欧蓝德(进口),暂无报价
三菱,491,格蓝迪,暂无报价
三菱,491,伊柯丽斯,暂无报价
三菱,491,ASX劲炫(进口),暂无报价
三菱,491,Xpander,暂无报价
斯巴鲁,226,森林人,22.38-28.58
斯巴鲁,226,傲虎,27.08-33.08
斯巴鲁,226,斯巴鲁XV,19.18-23.38
斯巴鲁,226,力狮,20.48-24.78
斯巴鲁,226,斯巴鲁BRZ,暂无报价
斯巴鲁,226,斯巴鲁WRX,暂无报价
斯巴鲁,226,VIZIV Adrenaline,暂无报价
斯巴鲁,226,翼豹,暂无报价
斯巴鲁,226,LEVORG,暂无报价
思皓,2,思皓A5,7.88-11.58
思皓,2,思皓X8,8.88-13.58
思皓,2,思皓E20X,12.80-13.80
思皓,2,思皓E40X,暂无报价
思皓,2,思皓E10X,暂无报价
思皓,2,思皓QX,暂无报价
思皓,2,思皓X4,8.98-9.78
思皓,2,思皓X7,13.48-14.98
SWM斯威汽车,141,SWM斯威X7,6.39-10.59
SWM斯威汽车,141,SWM斯威G05,6.99-11.99
SWM斯威汽车,141,SWM斯威X3,5.50-6.69
SWM斯威汽车,141,SWM斯威G01,7.99-12.59
双龙,36,柯兰多,13.98-24.98
双龙,36,爱腾,15.48-21.98
双龙,36,途凌,13.98-23.98
双龙,36,享御,暂无报价
双龙,36,雷斯特,21.98-31.98
双龙,36,路帝,21.98-26.98
双龙,36,主席,41.80-69.80
双龙,36,蒂维拉,12.98-18.98
双龙,36,雷斯特W,暂无报价
smart,141,smart fortwo,暂无报价
smart,141,smart forfour,暂无报价
思铭,2,东风本田X-NV,16.98-17.98
思铭,2,东风本田M-NV,14.98-15.98
SERES赛力斯,0,赛力斯SF5,24.90-33.90
SERES赛力斯,0,赛力斯ix3,暂无报价
双环,33,双环SCEO,暂无报价
双环,33,来宝SRV,暂无报价
双环,33,小贵族,暂无报价
SRM鑫源,1,鑫源X30LEV,16.98-17.08
SRM鑫源,1,鑫源T50EV,15.28-17.18
SRM鑫源,1,好运1号,12.68-13.78
SRM鑫源,1,好运2号,11.68-11.88
SRM鑫源,1,鑫源X30L,5.70-6.38
SRM鑫源,1,小海狮EV,11.58-11.78
SRM鑫源,1,鑫源T32S,4.69-5.28
SRM鑫源,1,鑫源T20EV,10.68-10.98
SRM鑫源,1,鑫源T20S,3.59-3.74
SRM鑫源,1,鑫源T30S,4.39-4.98
SRM鑫源,1,鑫源T22S,3.89-4.04
赛麟,0,赛麟科迈罗,暂无报价
赛麟,0,迈迈,15.88-16.88
赛麟,0,赛麟Mustang,暂无报价
赛麟,0,迈客,暂无报价
赛麟,0,赛麟S1,暂无报价
世爵,0,世爵C8,暂无报价
萨博,0,Saab 9-3,暂无报价
速达,0,速达SD01,15.00-15.00
速达,0,速达SA01,17.00-17.00
特斯拉,8,Model 3,26.57-41.98
特斯拉,8,MODEL X,77.29-100.00
特斯拉,8,Model S,73.39-117.49
特斯拉,8,Model 3(进口),暂无报价
特斯拉,8,Roadster,暂无报价
特斯拉,8,Cybertruck,暂无报价
特斯拉,8,Model Y,暂无报价
腾势,55,腾势X,28.98-35.78
腾势,55,腾势,29.88-32.88
天际汽车,0,天际ME7,21.88-36.68
天美汽车,0,天美汽车ET5,15.28-19.88
泰卡特,0,泰卡特 T9,暂无报价
沃尔沃,232,沃尔沃XC60,36.29-47.09
沃尔沃,232,沃尔沃XC40,26.48-38.58
沃尔沃,232,沃尔沃XC90,63.39-83.39
沃尔沃,232,沃尔沃S90,37.29-50.59
沃尔沃,232,沃尔沃S60,28.69-38.09
沃尔沃,232,沃尔沃V60,30.43-43.99
沃尔沃,232,沃尔沃V90,44.39-55.69
沃尔沃,232,沃尔沃V40,暂无报价
沃尔沃,232,沃尔沃S90新能源,49.99-104.39
沃尔沃,232,沃尔沃XC90新能源,89.19-128.58
沃尔沃,232,沃尔沃S60(进口),暂无报价
沃尔沃,232,沃尔沃S80L,暂无报价
沃尔沃,232,沃尔沃XC60新能源,52.79-60.59
沃尔沃,232,沃尔沃S40,暂无报价
沃尔沃,232,沃尔沃XC40(进口),31.59-40.39
沃尔沃,232,沃尔沃S60新能源,39.99-46.19
沃尔沃,232,沃尔沃XC90加版,73.80-79.80
沃尔沃,232,沃尔沃XC90美版,79.80-79.80
沃尔沃,232,沃尔沃XC90墨版,72.80-72.80
沃尔沃,232,沃尔沃C30,暂无报价
沃尔沃,232,沃尔沃C70,暂无报价
沃尔沃,232,沃尔沃S80,暂无报价
沃尔沃,232,沃尔沃XC60(进口),暂无报价
沃尔沃,232,沃尔沃XC40新能源（进口）,暂无报价
沃尔沃,232,沃尔沃S90(进口),暂无报价
沃尔沃,232,沃尔沃XC40新能源,暂无报价
五菱汽车,517,五菱凯捷,8.58-13.48
五菱汽车,517,五菱宏光,4.28-5.88
五菱汽车,517,五菱宏光S3,5.68-8.28
五菱汽车,517,五菱宏光PLUS,5.88-7.98
五菱汽车,517,五菱宏光S,4.28-5.58
五菱汽车,517,五菱荣光小卡,3.56-4.88
五菱汽车,517,五菱荣光新卡,4.58-6.28
五菱汽车,517,五菱荣光,3.68-5.38
五菱汽车,517,五菱之光,3.23-3.66
五菱汽车,517,宏光MINI EV,2.88-3.88
五菱汽车,517,五菱宏光V,4.18-5.45
五菱汽车,517,五菱荣光V,3.98-4.98
五菱汽车,517,五菱之光小卡,3.49-3.79
五菱汽车,517,五菱EV50,10.80-11.98
五菱汽车,517,五菱荣光EV,8.38-9.01
五菱汽车,517,五菱之光V,3.38-3.68
五菱汽车,517,PN货车,3.66-3.99
五菱汽车,517,五菱荣光小卡翼开启,5.58-5.58
五菱汽车,517,五菱征途,暂无报价
五菱汽车,517,宏光侠,暂无报价
WEY,54,WEY VV7,16.98-19.28
WEY,54,WEY VV6,14.80-17.50
WEY,54,WEY VV5,12.58-14.78
WEY,54,坦克300,17.58-21.38
WEY,54,WEY VV7 GT,19.18-25.88
WEY,54,WEY VV7新能源,21.98-23.98
WEY,54,WEY VV7 GT新能源,25.68-25.68
WEY,54,玛奇朵,暂无报价
WEY,54,WEY P8,暂无报价
蔚来,2,蔚来ES6,35.80-52.60
蔚来,2,蔚来ES8,46.80-62.40
蔚来,2,蔚来EC6,36.80-52.60
蔚来,2,蔚来ET7,44.80-52.60
蔚来,2,蔚来ET,暂无报价
蔚来,2,蔚来EP9,暂无报价
五十铃,55,mu-X牧游侠,17.88-28.48
五十铃,55,D-MAX,14.48-22.48
五十铃,55,瑞迈,8.38-13.58
五十铃,55,铃拓,11.18-15.48
五十铃,55,TAGA达咖,9.98-13.48
五十铃,55,D-MAX(海外),暂无报价
五十铃,55,五十铃mu-X(海外),暂无报价
五十铃,55,多功能连体皮卡车,暂无报价
五十铃,55,五十铃轻卡,暂无报价
威马汽车,2,威马EX5,14.68-19.88
威马汽车,2,威马EX6,18.99-28.88
威马汽车,2,威马EVOLVE,暂无报价
潍柴汽车,28,VGV U70,6.99-11.89
潍柴汽车,28,英致737,4.98-8.78
潍柴汽车,28,英致727,3.99-4.69
潍柴汽车,28,英致G3,5.69-8.08
潍柴汽车,28,英致G5,5.98-8.58
潍柴汽车,28,英致P80,暂无报价
潍柴汽车,28,英致EX1,暂无报价
潍柴汽车,28,潍柴汽车TX7,暂无报价
潍柴汽车,28,英致737EV,暂无报价
威麟,30,威麟V5,暂无报价
威麟,30,威麟X5,暂无报价
威麟,30,威麟H5,20.68-22.68
威兹曼,0,威兹曼GT,暂无报价
现代,840,朗动,11.58-12.78
现代,840,北京现代ix35,11.99-16.19
现代,840,胜达,20.28-27.28
现代,840,瑞纳,4.99-7.39
现代,840,悦动,8.49-11.59
现代,840,菲斯塔,11.98-15.48
现代,840,领动,10.98-14.68
现代,840,名图,13.38-16.98
现代,840,伊兰特,9.98-14.18
现代,840,北京现代ix25,10.58-13.68
现代,840,悦纳,9.68
现代,840,途胜,16.99-21.99
现代,840,索纳塔,16.18-20.58
现代,840,帕里斯帝,29.88-32.98
现代,840,昂希诺纯电动,17.28-19.88
现代,840,劳恩斯-酷派,暂无报价
现代,840,索纳塔插电混动,22.28-25.68
现代,840,逸行,9.09-11.99
现代,840,菲斯塔纯电动,17.38-19.88
现代,840,Veloster飞思,17.28-21.98
现代,840,ENCINO 昂希诺,12.99-15.59
现代,840,格越,25.60-38.78
现代,840,领动插电混动,15.78-17.88
现代,840,瑞奕,7.29-9.99
现代,840,捷恩斯,37.80-64.88
现代,840,伊兰特EV,暂无报价
现代,840,H-1辉翼,21.18-24.98
现代,840,康恩迪,39.60-49.00
现代,840,NEXO,暂无报价
现代,840,名图新能源,暂无报价
现代,840,KONA新能源,暂无报价
现代,840,御翔,暂无报价
现代,840,酷派,暂无报价
现代,840,捷尼赛思GV70,暂无报价
现代,840,现代i20,暂无报价
现代,840,IONIQ 5,暂无报价
现代,840,悦纳RV,暂无报价
现代,840,名驭,暂无报价
现代,840,领翔,暂无报价
现代,840,索纳塔八,暂无报价
现代,840,北京现代i30,暂无报价
现代,840,雅绅特,暂无报价
现代,840,捷尼赛思G70,暂无报价
现代,840,现代i30(海外),暂无报价
现代,840,伊兰特(海外),暂无报价
现代,840,捷尼赛思GV80,暂无报价
现代,840,劳恩斯,暂无报价
现代,840,维拉克斯,暂无报价
现代,840,现代i10,暂无报价
现代,840,新胜达(进口),暂无报价
现代,840,全新胜达(进口),暂无报价
现代,840,雅科仕,暂无报价
现代,840,雅尊,暂无报价
现代,840,捷尼赛思G90,暂无报价
现代,840,途胜(进口),暂无报价
雪佛兰,645,探界者,16.99-24.59
雪佛兰,645,开拓者,22.99-32.99
雪佛兰,645,迈锐宝XL,15.49-21.99
雪佛兰,645,科鲁泽,8.99-12.29
雪佛兰,645,沃兰多,11.49-15.99
雪佛兰,645,科沃兹,7.99-9.99
雪佛兰,645,迈锐宝,16.49-18.99
雪佛兰,645,科鲁兹,暂无报价
雪佛兰,645,创酷,9.99-13.99
雪佛兰,645,赛欧,6.29-7.99
雪佛兰,645,创界,13.99-17.99
雪佛兰,645,科帕奇,17.99-20.99
雪佛兰,645,科迈罗,39.99-39.99
雪佛兰,645,爱唯欧,暂无报价
雪佛兰,645,畅巡,15.99-17.99
雪佛兰,645,乐风RV,7.49-9.99
雪佛兰,645,Suburban萨博班加版,142.00-142.00
雪佛兰,645,科尔维特美版,150.00-150.00
雪佛兰,645,科迈罗美版,36.60-36.60
雪佛兰,645,科尔维特加版,150.00-150.00
雪佛兰,645,索罗德,59.90-69.90
雪佛兰,645,科迈罗加版,52.60-52.60
雪佛兰,645,库罗德,54.99-59.99
雪佛兰,645,Blazer(海外),暂无报价
雪佛兰,645,景程,暂无报价
雪佛兰,645,乐骋,暂无报价
雪佛兰,645,乐风,暂无报价
雪佛兰,645,科帕奇(进口),暂无报价
雪铁龙,317,天逸 C5 AIRCROSS,14.97-23.87
雪铁龙,317,雪铁龙C5,16.99-21.59
雪铁龙,317,雪铁龙C6,18.99-27.59
雪铁龙,317,雪铁龙C4L,10.69-14.19
雪铁龙,317,雪铁龙C3-XR,9.48-11.89
雪铁龙,317,爱丽舍,8.38-10.28
雪铁龙,317,世嘉,暂无报价
雪铁龙,317,云逸 C4 AIRCROSS,10.68-15.68
雪铁龙,317,C4 PICASSO,21.68-26.58
雪铁龙,317,天逸 C5 AIRCROSS新能源,23.47-26.47
雪铁龙,317,雪铁龙C4 Aircross,19.98-27.98
雪铁龙,317,雪铁龙C3L,8.49-10.59
雪铁龙,317,雪铁龙C4,暂无报价
雪铁龙,317,富康,暂无报价
雪铁龙,317,C4世嘉,暂无报价
雪铁龙,317,毕加索,暂无报价
雪铁龙,317,凯旋,暂无报价
雪铁龙,317,雪铁龙C2,暂无报价
雪铁龙,317,雪铁龙C5(进口),暂无报价
雪铁龙,317,雪铁龙C5 AIRCROSS新能源,暂无报价
新宝骏,5,新宝骏RM-5,7.88-12.08
新宝骏,5,新宝骏RS-5,9.78-13.58
新宝骏,5,新宝骏RS-3,6.38-9.88
新宝骏,5,新宝骏RC-6,8.48-12.38
新宝骏,5,新宝骏RC-5,5.98-11.28
新宝骏,5,新宝骏E300,6.48-8.48
新宝骏,5,新宝骏RS-7,暂无报价
星途,4,星途LX,10.99-15.09
星途,4,星途TX,13.59-14.79
星途,4,星途TXL,13.59-17.59
星途,4,揽月,暂无报价
小鹏汽车,2,小鹏汽车G3,14.68-19.98
小鹏汽车,2,小鹏汽车P7,22.99-40.99
新特汽车,3,SITECH DEV 1,13.99-16.49
新特汽车,3,启能GEV 1,14.79-15.59
西雅特,0,LEON,暂无报价
西雅特,0,伊比飒,暂无报价
西雅特,0,欧悦搏,暂无报价
西雅特,0,Cupra Ateca,暂无报价
新凯汽车,7,新凯威霆,90.80-180.00
英菲尼迪,105,英菲尼迪QX50,33.38-46.98
英菲尼迪,105,英菲尼迪Q50L,26.48-38.98
英菲尼迪,105,英菲尼迪QX60,47.98-56.98
英菲尼迪,105,英菲尼迪Q70,38.18-43.98
英菲尼迪,105,英菲尼迪QX30,22.78-35.68
英菲尼迪,105,英菲尼迪Q60,35.88-37.78
英菲尼迪,105,英菲尼迪Q50,38.98-54.98
英菲尼迪,105,英菲尼迪QX70,75.48-80.80
英菲尼迪,105,英菲尼迪QX80中东版,106.00-115.00
英菲尼迪,105,英菲尼迪ESQ,暂无报价
英菲尼迪,105,英菲尼迪QX70中东版,60.00-60.00
英菲尼迪,105,英菲尼迪QX55,暂无报价
英菲尼迪,105,英菲尼迪QX,暂无报价
英菲尼迪,105,英菲尼迪EX,暂无报价
英菲尼迪,105,英菲尼迪FX,暂无报价
英菲尼迪,105,英菲尼迪G系,暂无报价
英菲尼迪,105,英菲尼迪M系,暂无报价
英菲尼迪,105,英菲尼迪QX50(进口),暂无报价
英菲尼迪,105,英菲尼迪QX80,暂无报价
依维柯,29,依维柯欧胜,13.59-32.59
依维柯,29,依维柯得意,11.84-17.00
依维柯,29,依维柯褒迪,14.39-32.49
依维柯,29,依维柯Ouba,27.57-34.69
依维柯,29,都灵,暂无报价
依维柯,29,Daily,暂无报价
一汽,372,森雅R7,6.69-10.69
一汽,372,夏利N5,暂无报价
一汽,372,森雅R9,8.39-12.59
一汽,372,骏派D60,暂无报价
一汽,372,威志V5,暂无报价
一汽,372,夏利N7,暂无报价
一汽,372,威志V2,暂无报价
一汽,372,森雅S80,暂无报价
一汽,372,夏利,暂无报价
一汽,372,骏派A50,暂无报价
一汽,372,森雅M80,暂无报价
一汽,372,威乐,暂无报价
一汽,372,骏派CX65,暂无报价
一汽,372,骏派A70,暂无报价
一汽,372,解放T80,3.49-4.04
一汽,372,森雅R8,7.49-8.99
一汽,372,佳宝V77,3.09-3.59
一汽,372,佳宝V80,4.09-5.39
一汽,372,骏派D80,暂无报价
一汽,372,佳宝V80新能源,11.98-13.68
一汽,372,佳宝V75,2.89-3.09
一汽,372,森雅R7新能源,17.98-17.98
一汽,372,佳宝T50,暂无报价
一汽,372,佳宝T51,暂无报价
一汽,372,佳宝T57,暂无报价
一汽,372,佳宝V52,暂无报价
一汽,372,佳宝V70 II代,暂无报价
一汽,372,蓝舰T340,暂无报价
一汽,372,一汽蓝舰H6,9.68-12.98
一汽,372,威志,暂无报价
一汽,372,威姿,暂无报价
一汽,372,骏派A70E,暂无报价
一汽,372,佳宝V70,暂无报价
一汽,372,坤程,6.38-6.58
驭胜,28,驭胜S350,12.18-20.18
驭胜,28,驭胜S330,8.88-14.08
野马汽车,137,野马T70,暂无报价
野马汽车,137,斯派卡,4.99-7.58
野马汽车,137,野马T80,8.98-12.98
野马汽车,137,野马F12,暂无报价
野马汽车,137,野马F10,暂无报价
野马汽车,137,博骏,4.99-12.99
野马汽车,137,野马F16,暂无报价
野马汽车,137,野马EC60,10.99-25.58
野马汽车,137,野马EC30,暂无报价
野马汽车,137,野马F99,暂无报价
野马汽车,137,斯派卡新能源,9.99-12.99
野马汽车,137,野马EC70,19.68-21.88
宇通客车,1,宇通CL6,27.98-27.98
宇通客车,1,宇通T7,38.80-78.80
云度,1,云度π3,11.98-14.48
云度,1,云度π1,11.28-11.98
云度,1,云度π7,暂无报价
云度,1,云度V01L,12.98-12.98
远程汽车,0,远程E200,18.00-18.00
远程汽车,0,远程E5,10.88-10.88
远程汽车,0,远程E6,12.98-12.98
远程汽车,0,远程E200S,13.98-14.78
远程汽车,0,远程RE500,21.99-21.99
永源,5,永源A380,暂无报价
永源,5,猎鹰,暂无报价
永源,5,永源五星,暂无报价
银隆新能源,0,银隆艾菲,43.00-43.00
一汽凌河,0,雷神,9.38-11.98
裕路汽车,8,裕路EV2,暂无报价
众泰,1345,众泰T600,7.98-13.78
众泰,1345,众泰T300,暂无报价
众泰,1345,众泰T700,10.68-15.58
众泰,1345,众泰T500,6.98-12.38
众泰,1345,众泰SR9,暂无报价
众泰,1345,大迈X5,暂无报价
众泰,1345,大迈X7,暂无报价
众泰,1345,众泰E200,暂无报价
众泰,1345,众泰SR7,暂无报价
众泰,1345,众泰Z360,暂无报价
众泰,1345,众泰T800,暂无报价
众泰,1345,众泰T600 Coupe,暂无报价
众泰,1345,众泰T200,暂无报价
众泰,1345,云100,暂无报价
众泰,1345,众泰Z560,暂无报价
众泰,1345,芝麻,暂无报价
众泰,1345,众泰Z300,5.49-7.58
众泰,1345,众泰V10,3.78-5.08
众泰,1345,众泰Z500新能源,11.39-12.59
众泰,1345,众泰T300新能源,暂无报价
众泰,1345,众泰Z200HB,暂无报价
众泰,1345,众泰Z200,暂无报价
众泰,1345,众泰M300,暂无报价
众泰,1345,众泰Z700,暂无报价
众泰,1345,众泰2008,暂无报价
众泰,1345,众泰5008,暂无报价
中华,318,中华V7,10.87-15.99
中华,318,中华V3,5.07-8.77
中华,318,中华V6,8.79-14.19
中华,318,中华V5,8.98-14.58
中华,318,中华H530,8.58-13.98
中华,318,中华H330,暂无报价
中华,318,中华H3,暂无报价
中华,318,中华H320,暂无报价
中华,318,中华H230EV,16.98-17.98
中华,318,中华H220,暂无报价
中华,318,中华H230,暂无报价
中华,318,中华骏捷,暂无报价
中华,318,中华骏捷Cross,暂无报价
中华,318,中华骏捷FRV,暂无报价
中华,318,中华骏捷FSV,暂无报价
中华,318,中华酷宝,暂无报价
中华,318,中华E5,暂无报价
中兴,192,领主,8.48-19.88
中兴,192,威虎,6.98-10.08
中兴,192,小老虎,5.60-7.58
中兴,192,中兴GX3,暂无报价
中兴,192,威虎TUV,暂无报价
中兴,192,无限V5,暂无报价
中兴,192,威虎G3,暂无报价
中兴,192,无限V3,暂无报价
知豆,50,知豆D2,暂无报价
知豆,50,知豆D3,暂无报价
之诺,7,之诺60H,暂无报价
